product_title,cancelled,financial_status,order_id,billing_postal_code,customer_id,pos_location_name,product_price,variant_title,shipping_city,shipping_region,shipping_country,shipping_postal_code,day,billing_city,billing_region,product_type,month,net_quantity,gross_sales,discounts,returns,net_sales,taxes,total_sales,shipping
Navy Blue Lipari Linen Trousers,No,paid,1.17995E+12,1760,1.91313E+12,,132.34,28 (UK/US) - 44 (ITA/EU),Natick,Massachusetts,United States,1760,30/06/2019,Natick,Massachusetts,Linen Trousers - Lipari Collection,2019-06,1,132.34,0,0,132.34,0,132.34,0
Sand Lipari Linen Trousers,No,paid,1.18042E+12,,6.92313E+11,192 Piccadilly,130,30 (UK/US) - 46 (ITA/EU),,,,,30/06/2019,,,Linen Trousers - Lipari Collection,2019-06,1,108.33,0,0,108.33,21.67,130,0
Navy Blue Lipari Linen Trousers,No,paid,1.18056E+12,10038,2.4277E+11,,132.34,34 (UK/US) - 50 (ITA/EU),New York,New York,United States,10038,30/06/2019,New York,New York,Linen Trousers - Lipari Collection,2019-06,1,132.34,0,0,132.34,0,132.34,0
Navy Blue Lipari Linen Trousers,No,paid,1.18022E+12,,1.98691E+12,Marylebone High Street Store,130,40 (UK/US) - 56 (ITA/EU),,,,,30/06/2019,,,Linen Trousers - Lipari Collection,2019-06,1,108.33,0,0,108.33,21.67,130,0
Navy Blue Lipari Linen Trousers,No,paid,1.18029E+12,,1.987E+12,192 Piccadilly,130,30 (UK/US) - 46 (ITA/EU),,,,,30/06/2019,,,Linen Trousers - Lipari Collection,2019-06,1,108.33,-10.83,0,97.5,19.5,117,0
Navy Blue Lipari Linen Trousers,No,paid,1.18063E+12,L4G 7C2,6.69805E+11,,132.63,32 (UK/US) - 48 (ITA/EU),Aurora,Ontario,Canada,L4G 7C2,30/06/2019,Aurora,Ontario,Linen Trousers - Lipari Collection,2019-06,1,132.63,0,0,132.63,0,132.63,0
Navy Blue Lipari Linen Trousers,No,paid,1.18057E+12,W1U 8HG,1.98735E+12,,130,32 (UK/US) - 48 (ITA/EU),London,,United Kingdom,W1S 4HH,30/06/2019,London,,Linen Trousers - Lipari Collection,2019-06,1,108.33,0,0,108.33,21.67,130,0
Navy Blue Lipari Linen Trousers,No,paid,1.17904E+12,,1.98401E+12,Marylebone High Street Store,130,38 (UK/US) - 54 (ITA/EU),,,,,29/06/2019,,,Linen Trousers - Lipari Collection,2019-06,1,108.33,0,0,108.33,21.67,130,0
Sand Lipari Linen Trousers,No,paid,1.17904E+12,,1.98401E+12,Marylebone High Street Store,130,38 (UK/US) - 54 (ITA/EU),,,,,29/06/2019,,,Linen Trousers - Lipari Collection,2019-06,1,108.33,0,0,108.33,21.67,130,0
Navy Blue Lipari Linen Trousers,No,paid,1.17905E+12,,1.98529E+12,Marylebone High Street Store,130,36 (UK/US) - 52 (ITA/EU),,,,,29/06/2019,,,Linen Trousers - Lipari Collection,2019-06,1,108.33,0,0,108.33,21.67,130,0
Sand Lipari Linen Trousers,No,paid,1.17924E+12,,1.98561E+12,Marylebone High Street Store,130,34 (UK/US) - 50 (ITA/EU),,,,,29/06/2019,,,Linen Trousers - Lipari Collection,2019-06,1,108.33,0,0,108.33,21.67,130,0
Navy Blue Lipari Linen Trousers,No,paid,1.17924E+12,,1.98561E+12,Marylebone High Street Store,130,34 (UK/US) - 50 (ITA/EU),,,,,29/06/2019,,,Linen Trousers - Lipari Collection,2019-06,1,108.33,0,0,108.33,21.67,130,0
Sand Lipari Linen Trousers,No,paid,1.17904E+12,,1.98528E+12,192 Piccadilly,130,40 (UK/US) - 56 (ITA/EU),,,,,29/06/2019,,,Linen Trousers - Lipari Collection,2019-06,1,108.33,0,0,108.33,21.67,130,0
Sand Lipari Linen Trousers,No,paid,1.17906E+12,,8.81664E+11,Marylebone High Street Store,130,34 (UK/US) - 50 (ITA/EU),,,,,29/06/2019,,,Linen Trousers - Lipari Collection,2019-06,1,108.33,0,0,108.33,21.67,130,0
Navy Blue Lipari Linen Trousers,No,paid,1.17904E+12,120 64,1.98527E+12,,130,40 (UK/US) - 56 (ITA/EU),Stockholm,,Sweden,120 64,29/06/2019,Stockholm,,Linen Trousers - Lipari Collection,2019-06,1,130,0,0,130,0,130,0
Navy Blue Lipari Linen Trousers,No,paid,1.17919E+12,,1.98553E+12,192 Piccadilly,130,34 (UK/US) - 50 (ITA/EU),,,,,29/06/2019,,,Linen Trousers - Lipari Collection,2019-06,1,108.33,0,0,108.33,21.67,130,0
Sand Lipari Linen Trousers,No,paid,1.17905E+12,,1.61397E+11,192 Piccadilly,130,32 (UK/US) - 48 (ITA/EU),,,,,29/06/2019,,,Linen Trousers - Lipari Collection,2019-06,1,108.33,0,0,108.33,21.67,130,0
Navy Blue Lipari Linen Trousers,No,paid,1.17906E+12,,8.81664E+11,Marylebone High Street Store,130,34 (UK/US) - 50 (ITA/EU),,,,,29/06/2019,,,Linen Trousers - Lipari Collection,2019-06,1,108.33,0,0,108.33,21.67,130,0
Sand Lipari Linen Trousers,No,paid,1.17909E+12,,1.98535E+12,192 Piccadilly,130,40 (UK/US) - 56 (ITA/EU),,,,,29/06/2019,,,Linen Trousers - Lipari Collection,2019-06,1,108.33,0,0,108.33,21.67,130,0
Sand Lipari Linen Trousers,No,paid,1.17919E+12,,1.98553E+12,192 Piccadilly,130,34 (UK/US) - 50 (ITA/EU),,,,,29/06/2019,,,Linen Trousers - Lipari Collection,2019-06,1,108.33,0,0,108.33,21.67,130,0
Navy Blue Lipari Linen Trousers,No,paid,1.17942E+12,,1.98586E+12,192 Piccadilly,130,36 (UK/US) - 52 (ITA/EU),,,,,29/06/2019,,,Linen Trousers - Lipari Collection,2019-06,1,108.33,0,0,108.33,21.67,130,0
Sand Lipari Linen Trousers,No,paid,1.17943E+12,,345494947,192 Piccadilly,130,34 (UK/US) - 50 (ITA/EU),,,,,29/06/2019,,,Linen Trousers - Lipari Collection,2019-06,1,108.32,-37.9,0,70.42,14.09,84.51,0
Navy Blue Lipari Linen Trousers,No,paid,1.17902E+12,11724-1306,1.90921E+12,,132.34,32 (UK/US) - 48 (ITA/EU),Cold Spring Harbor,New York,United States,11724-1306,29/06/2019,Cold Spring Harbor,New York,Linen Trousers - Lipari Collection,2019-06,1,132.34,0,0,132.34,0,132.34,0
Navy Blue Lipari Linen Trousers,No,paid,1.17945E+12,,6.2801E+11,192 Piccadilly,130,34 (UK/US) - 50 (ITA/EU),,,,,29/06/2019,,,Linen Trousers - Lipari Collection,2019-06,1,108.33,0,0,108.33,21.67,130,0
Sand Lipari Linen Trousers,No,paid,1.17905E+12,,1.98529E+12,Marylebone High Street Store,130,36 (UK/US) - 52 (ITA/EU),,,,,29/06/2019,,,Linen Trousers - Lipari Collection,2019-06,1,108.33,0,0,108.33,21.67,130,0
Navy Blue Lipari Linen Trousers,No,paid,1.17826E+12,,1.82246E+11,192 Piccadilly,130,32 (UK/US) - 48 (ITA/EU),,,,,28/06/2019,,,Linen Trousers - Lipari Collection,2019-06,1,108.33,0,0,108.33,21.67,130,0
Navy Blue Lipari Linen Trousers,No,paid,1.17821E+12,,1.98435E+12,192 Piccadilly,130,34 (UK/US) - 50 (ITA/EU),,,,,28/06/2019,,,Linen Trousers - Lipari Collection,2019-06,1,108.33,0,0,108.33,21.67,130,0
Navy Blue Lipari Linen Trousers,No,paid,1.17789E+12,,1.95278E+12,Marylebone High Street Store,130,34 (UK/US) - 50 (ITA/EU),,,,,28/06/2019,,,Linen Trousers - Lipari Collection,2019-06,1,108.33,-10.83,0,97.5,19.5,117,0
Sand Lipari Linen Trousers,No,partially_refunded,1.17824E+12,,6.83855E+11,Marylebone High Street Store,130,32 (UK/US) - 48 (ITA/EU),,,,,28/06/2019,,,Linen Trousers - Lipari Collection,2019-06,1,108.33,-10.83,0,97.5,19.5,117,0
Sand Lipari Linen Trousers,No,paid,1.17808E+12,,1.95299E+12,192 Piccadilly,130,28 (UK/US) - 44 (ITA/EU),,,,,28/06/2019,,,Linen Trousers - Lipari Collection,2019-06,1,108.34,0,0,108.34,21.66,130,0
Sand Lipari Linen Trousers,No,paid,1.17781E+12,W8 6LP,1.98388E+12,,130,40 (UK/US) - 56 (ITA/EU),London,,United Kingdom,W8 6LP,28/06/2019,London,,Linen Trousers - Lipari Collection,2019-06,1,108.33,0,0,108.33,21.67,130,0
Navy Blue Linen Trousers,No,refunded,1.13174E+12,4761AH,6.62884E+11,,132.41,30 (UK/US) - 46 (ITA/EU),Zevenbergen,,Netherlands,4761AH,27/06/2019,Zevenbergen,,Linen Trousers,2019-06,-1,0,0,-110.34,-110.34,-22.07,-132.41,0
Navy Blue Lipari Linen Trousers,No,paid,1.17724E+12,79922,1.98291E+12,,132.96,32 (UK/US) - 48 (ITA/EU),El Paso,Texas,United States,79922,27/06/2019,El Paso,Texas,Linen Trousers - Lipari Collection,2019-06,1,132.96,0,0,132.96,0,132.96,0
Sand Lipari Linen Trousers,No,paid,1.17652E+12,10013,1.98202E+12,,132.36,32 (UK/US) - 48 (ITA/EU),New York,New York,United States,10013,27/06/2019,New York,New York,Linen Trousers - Lipari Collection,2019-06,1,132.36,-13.23,0,119.13,0,119.13,0
Navy Blue Lipari Linen Trousers,No,paid,1.17699E+12,,1.98262E+12,Marylebone High Street Store,130,36 (UK/US) - 52 (ITA/EU),,,,,27/06/2019,,,Linen Trousers - Lipari Collection,2019-06,1,108.33,0,0,108.33,21.67,130,0
Sand Lipari Linen Trousers,No,paid,1.17652E+12,10013,1.98202E+12,,132.36,30 (UK/US) - 46 (ITA/EU),New York,New York,United States,10013,27/06/2019,New York,New York,Linen Trousers - Lipari Collection,2019-06,1,132.36,-13.24,0,119.12,0,119.12,0
Navy Blue Linen Trousers,No,refunded,1.13174E+12,4761AH,6.62884E+11,,132.41,32 (UK/US) - 48 (ITA/EU),Zevenbergen,,Netherlands,4761AH,27/06/2019,Zevenbergen,,Linen Trousers,2019-06,-1,0,0,-110.34,-110.34,-22.07,-132.41,0
Navy Blue Lipari Linen Trousers,No,paid,1.17657E+12,BT4 2NQ,5.97765E+11,,130,36 (UK/US) - 52 (ITA/EU),Belfast,,United Kingdom,BT4 2NQ,27/06/2019,Belfast,,Linen Trousers - Lipari Collection,2019-06,1,108.33,0,0,108.33,21.67,130,0
Sand Lipari Linen Trousers,No,partially_refunded,1.17697E+12,,6570564876,192 Piccadilly,130,34 (UK/US) - 50 (ITA/EU),,,,,27/06/2019,,,Linen Trousers - Lipari Collection,2019-06,1,108.33,0,0,108.33,21.67,130,0
Navy Blue Lipari Linen Trousers,No,paid,1.17545E+12,,1.98065E+12,Marylebone High Street Store,130,30 (UK/US) - 46 (ITA/EU),,,,,26/06/2019,,,Linen Trousers - Lipari Collection,2019-06,1,108.34,0,0,108.34,21.66,130,0
Navy Blue Lipari Linen Trousers,No,paid,1.17549E+12,,1.98069E+12,192 Piccadilly,130,38 (UK/US) - 54 (ITA/EU),,,,,26/06/2019,,,Linen Trousers - Lipari Collection,2019-06,1,108.33,0,0,108.33,21.67,130,0
Sand Lipari Linen Trousers,No,paid,1.17528E+12,10023,6.72208E+11,,132.36,32 (UK/US) - 48 (ITA/EU),New York,New York,United States,10023,26/06/2019,New York,New York,Linen Trousers - Lipari Collection,2019-06,1,132.36,0,0,132.36,0,132.36,0
Sand Lipari Linen Trousers,No,paid,1.17552E+12,,1.94454E+12,192 Piccadilly,130,36 (UK/US) - 52 (ITA/EU),Hinton Daubnay,,United Kingdom,PO8 0SG,26/06/2019,,,Linen Trousers - Lipari Collection,2019-06,1,108.33,-10.83,0,97.5,19.5,117,0
Sand Lipari Linen Trousers,No,paid,1.17447E+12,,1.94955E+12,192 Piccadilly,130,36 (UK/US) - 52 (ITA/EU),,,,,25/06/2019,,,Linen Trousers - Lipari Collection,2019-06,1,108.33,0,0,108.33,21.67,130,0
Navy Blue Lipari Linen Trousers,No,paid,1.17506E+12,'-,2.86823E+11,,132.4,34 (UK/US) - 50 (ITA/EU),Milano,Milano,Italy,20121,25/06/2019,,,Linen Trousers - Lipari Collection,2019-06,1,110.33,0,0,110.33,22.07,132.4,0
Navy Blue Lipari Linen Trousers,No,paid,1.1745E+12,RM5 3EL,2.40133E+11,,130,28 (UK/US) - 44 (ITA/EU),Bideford,,United Kingdom,EX39 3DU,25/06/2019,"Collier Row, Romford, Essex",,Linen Trousers - Lipari Collection,2019-06,1,108.33,-10.84,0,97.49,19.5,116.99,0
Sand Lipari Linen Trousers,No,paid,1.17453E+12,,6.09128E+11,Marylebone High Street Store,130,32 (UK/US) - 48 (ITA/EU),,,,,25/06/2019,,,Linen Trousers - Lipari Collection,2019-06,1,108.33,0,0,108.33,21.67,130,0
Sand Lipari Linen Trousers,No,paid,1.17506E+12,'-,2.86823E+11,,132.4,34 (UK/US) - 50 (ITA/EU),Milano,Milano,Italy,20121,25/06/2019,,,Linen Trousers - Lipari Collection,2019-06,1,110.33,0,0,110.33,22.07,132.4,0
Sand Lipari Linen Trousers,No,paid,1.17419E+12,10011,1.97722E+12,,132.65,32 (UK/US) - 48 (ITA/EU),New York,New York,United States,10011,25/06/2019,New York,New York,Linen Trousers - Lipari Collection,2019-06,1,132.65,0,0,132.65,0,132.65,0
Navy Blue Lipari Linen Trousers,No,paid,1.17479E+12,77082,1.97817E+12,,132.79,32 (UK/US) - 48 (ITA/EU),New York,New York,United States,10016,25/06/2019,Houston,Texas,Linen Trousers - Lipari Collection,2019-06,1,132.79,0,0,132.79,0,132.79,0
Navy Blue Lipari Linen Trousers,No,paid,1.17475E+12,,8.72696E+11,Marylebone High Street Store,130,36 (UK/US) - 52 (ITA/EU),,,,,25/06/2019,,,Linen Trousers - Lipari Collection,2019-06,1,108.33,0,0,108.33,21.67,130,0
Sand Lipari Linen Trousers,No,paid,1.17472E+12,,1.97791E+12,Marylebone High Street Store,130,32 (UK/US) - 48 (ITA/EU),,,,,25/06/2019,,,Linen Trousers - Lipari Collection,2019-06,1,108.33,0,0,108.33,21.67,130,0
Sand Lipari Linen Trousers,No,paid,1.17373E+12,55419,1.97571E+12,,132.49,36 (UK/US) - 52 (ITA/EU),Long Lake,Minnesota,United States,55356,24/06/2019,Minneapolis,Minnesota,Linen Trousers - Lipari Collection,2019-06,1,132.49,-13.24,0,119.25,0,119.25,0
Sand Lipari Linen Trousers,No,paid,1.17332E+12,SW3 5JS,2.4769E+11,,130,34 (UK/US) - 50 (ITA/EU),Brentford,,United Kingdom,TW8 8JF,24/06/2019,London,,Linen Trousers - Lipari Collection,2019-06,1,108.33,0,0,108.33,21.67,130,0
Navy Blue Lipari Linen Trousers,No,paid,1.17382E+12,11249,1.97592E+12,,132.49,32 (UK/US) - 48 (ITA/EU),"Brooklyn, Usa",New York,United States,11249,24/06/2019,"Brooklyn, Usa",New York,Linen Trousers - Lipari Collection,2019-06,1,132.49,0,0,132.49,0,132.49,0
Navy Blue Lipari Linen Trousers,No,paid,1.17332E+12,SW3 5JS,2.4769E+11,,130,34 (UK/US) - 50 (ITA/EU),Brentford,,United Kingdom,TW8 8JF,24/06/2019,London,,Linen Trousers - Lipari Collection,2019-06,1,108.34,0,0,108.34,21.66,130,0
Sand Lipari Linen Trousers,No,paid,1.17339E+12,22523,1.96859E+12,,133.06,32 (UK/US) - 48 (ITA/EU),Hamburg,,Germany,22523,24/06/2019,Hamburg,,Linen Trousers - Lipari Collection,2019-06,1,110.92,-11.08,0,99.84,19.92,119.76,0
Sand Lipari Linen Trousers,No,paid,1.17329E+12,11366,1.97035E+12,,133.06,30 (UK/US) - 46 (ITA/EU),Stockholm,,Sweden,11366,24/06/2019,Stockholm,,Linen Trousers - Lipari Collection,2019-06,1,133.06,0,0,133.06,0,133.06,0
Navy Blue Lipari Linen Trousers,No,paid,1.174E+12,73733,1.97621E+12,,133.11,34 (UK/US) - 50 (ITA/EU),Esslingen Am Neckar,,Germany,73733,24/06/2019,Esslingen Am Neckar,,Linen Trousers - Lipari Collection,2019-06,1,110.92,0,0,110.92,22.19,133.11,0
Navy Blue Lipari Linen Trousers,No,paid,1.17373E+12,55419,1.97571E+12,,132.49,36 (UK/US) - 52 (ITA/EU),Long Lake,Minnesota,United States,55356,24/06/2019,Minneapolis,Minnesota,Linen Trousers - Lipari Collection,2019-06,1,132.49,-13.24,0,119.25,0,119.25,0
Sand Lipari Linen Trousers,No,paid,1.17248E+12,,1.96658E+12,192 Piccadilly,130,34 (UK/US) - 50 (ITA/EU),,,,,23/06/2019,,,Linen Trousers - Lipari Collection,2019-06,1,108.33,0,0,108.33,21.67,130,0
Navy Blue Lipari Linen Trousers,No,paid,1.1723E+12,,1.96749E+12,192 Piccadilly,130,36 (UK/US) - 52 (ITA/EU),,,,,23/06/2019,,,Linen Trousers - Lipari Collection,2019-06,1,108.33,0,0,108.33,21.67,130,0
Sand Lipari Linen Trousers,No,paid,1.17211E+12,SW6 4HH,1.95145E+12,,130,32 (UK/US) - 48 (ITA/EU),London,,United Kingdom,SW6 4HH,23/06/2019,London,,Linen Trousers - Lipari Collection,2019-06,1,108.33,0,0,108.33,21.67,130,0
Navy Blue Lipari Linen Trousers,No,paid,1.17227E+12,TN56LH,1.96745E+12,,130,40 (UK/US) - 56 (ITA/EU),Wadhurst,,United Kingdom,TN56LH,23/06/2019,Wadhurst,,Linen Trousers - Lipari Collection,2019-06,1,108.33,0,0,108.33,21.67,130,0
Sand Lipari Linen Trousers,No,paid,1.17273E+12,11050,1.968E+12,,132.63,32 (UK/US) - 48 (ITA/EU),Port Washington,New York,United States,11050,23/06/2019,Port Washington,New York,Linen Trousers - Lipari Collection,2019-06,1,132.63,0,0,132.63,0,132.63,0
Navy Blue Lipari Linen Trousers,No,paid,1.17245E+12,,1.9677E+12,Marylebone High Street Store,130,30 (UK/US) - 46 (ITA/EU),,,,,23/06/2019,,,Linen Trousers - Lipari Collection,2019-06,1,108.33,0,0,108.33,21.67,130,0
Sand Lipari Linen Trousers,No,paid,1.1713E+12,SL7 3DA,1.96636E+12,,130,30 (UK/US) - 46 (ITA/EU),Marlow,,United Kingdom,SL7 3DA,22/06/2019,Marlow,,Linen Trousers - Lipari Collection,2019-06,1,108.33,0,0,108.33,21.67,130,0
Sand Lipari Linen Trousers,No,partially_refunded,1.17146E+12,,1.96653E+12,192 Piccadilly,130,32 (UK/US) - 48 (ITA/EU),,,,,22/06/2019,,,Linen Trousers - Lipari Collection,2019-06,1,108.33,-10.84,0,97.49,19.5,116.99,0
Navy Blue Lipari Linen Trousers,No,paid,1.17178E+12,W11 4BP,1.44521E+11,,130,32 (UK/US) - 48 (ITA/EU),London,,United Kingdom,WC1R 5NT,22/06/2019,London,,Linen Trousers - Lipari Collection,2019-06,1,108.33,-10.82,0,97.51,19.5,117.01,0
Navy Blue Lipari Linen Trousers,No,paid,1.17129E+12,85625,6.27113E+11,,133.15,32 (UK/US) - 48 (ITA/EU),Baiern,,Germany,85625,22/06/2019,Baiern,,Linen Trousers - Lipari Collection,2019-06,1,110.96,0,0,110.96,22.19,133.15,0
Sand Lipari Linen Trousers,No,paid,1.17114E+12,11432,1.96614E+12,,130,28 (UK/US) - 44 (ITA/EU),Stockholm,,Sweden,11432,22/06/2019,Stockholm,,Linen Trousers - Lipari Collection,2019-06,1,130,-13.01,0,116.99,0,116.99,0
Sand Lipari Linen Trousers,No,paid,1.1714E+12,,1.96648E+12,Marylebone High Street Store,130,34 (UK/US) - 50 (ITA/EU),,,,,22/06/2019,,,Linen Trousers - Lipari Collection,2019-06,1,108.33,0,0,108.33,21.67,130,0
Sand Lipari Linen Trousers,No,paid,1.17178E+12,W11 4BP,1.44521E+11,,130,32 (UK/US) - 48 (ITA/EU),London,,United Kingdom,WC1R 5NT,22/06/2019,London,,Linen Trousers - Lipari Collection,2019-06,1,108.33,-10.83,0,97.5,19.5,117,0
Sand Lipari Linen Trousers,No,paid,1.17127E+12,,1.9663E+12,Marylebone High Street Store,130,32 (UK/US) - 48 (ITA/EU),,,,,22/06/2019,,,Linen Trousers - Lipari Collection,2019-06,1,108.33,0,0,108.33,21.67,130,0
Navy Blue Lipari Linen Trousers,No,paid,1.17173E+12,60615,1.96681E+12,,132.63,30 (UK/US) - 46 (ITA/EU),Chicago,Illinois,United States,60615,22/06/2019,Chicago,Illinois,Linen Trousers - Lipari Collection,2019-06,1,132.63,0,0,132.63,0,132.63,0
Navy Blue Lipari Linen Trousers,No,paid,1.1713E+12,SL7 3DA,1.96636E+12,,130,32 (UK/US) - 48 (ITA/EU),Marlow,,United Kingdom,SL7 3DA,22/06/2019,Marlow,,Linen Trousers - Lipari Collection,2019-06,1,108.34,0,0,108.34,21.66,130,0
Sand Lipari Linen Trousers,No,paid,1.17107E+12,NW3 7AA,1.03742E+12,,130,36 (UK/US) - 52 (ITA/EU),London,,United Kingdom,NW3 7AA,22/06/2019,London,,Linen Trousers - Lipari Collection,2019-06,1,108.33,-10.83,0,97.5,19.5,117,0
Sand Lipari Linen Trousers,No,partially_refunded,1.16996E+12,12459,1.96474E+12,,132.46,34 (UK/US) - 50 (ITA/EU),Berlin,,Germany,12459,21/06/2019,Berlin,,Linen Trousers - Lipari Collection,2019-06,1,110.38,0,0,110.38,22.08,132.46,0
Sand Lipari Linen Trousers,No,paid,1.17014E+12,,1.96497E+12,Marylebone High Street Store,130,34 (UK/US) - 50 (ITA/EU),,,,,21/06/2019,,,Linen Trousers - Lipari Collection,2019-06,1,108.33,0,0,108.33,21.67,130,0
Navy Blue Lipari Linen Trousers,No,paid,1.17014E+12,,1.96497E+12,Marylebone High Street Store,130,34 (UK/US) - 50 (ITA/EU),,,,,21/06/2019,,,Linen Trousers - Lipari Collection,2019-06,1,108.33,0,0,108.33,21.67,130,0
Sand Lipari Linen Trousers,No,paid,1.16918E+12,,0,192 Piccadilly,130,36 (UK/US) - 52 (ITA/EU),,,,,20/06/2019,,,Linen Trousers - Lipari Collection,2019-06,1,108.33,0,0,108.33,21.67,130,0
Navy Blue Lipari Linen Trousers,No,paid,1.169E+12,,1.96354E+12,192 Piccadilly,130,34 (UK/US) - 50 (ITA/EU),,,,,20/06/2019,,,Linen Trousers - Lipari Collection,2019-06,1,108.33,0,0,108.33,21.67,130,0
Sand Lipari Linen Trousers,No,paid,1.16928E+12,,6.81176E+11,Marylebone High Street Store,130,36 (UK/US) - 52 (ITA/EU),,,,,20/06/2019,,,Linen Trousers - Lipari Collection,2019-06,2,216.67,0,0,216.67,43.33,260,0
Sand Lipari Linen Trousers,No,paid,1.169E+12,,1.96354E+12,192 Piccadilly,130,34 (UK/US) - 50 (ITA/EU),,,,,20/06/2019,,,Linen Trousers - Lipari Collection,2019-06,1,108.33,0,0,108.33,21.67,130,0
Sand Lipari Linen Trousers,No,paid,1.16901E+12,,1.96355E+12,Marylebone High Street Store,130,34 (UK/US) - 50 (ITA/EU),,,,,20/06/2019,,,Linen Trousers - Lipari Collection,2019-06,2,216.66,0,0,216.66,43.34,260,0
Navy Blue Lipari Linen Trousers,No,paid,1.16782E+12,,1.95977E+12,Marylebone High Street Store,130,38 (UK/US) - 54 (ITA/EU),,,,,19/06/2019,,,Linen Trousers - Lipari Collection,2019-06,1,108.33,0,0,108.33,21.67,130,0
Navy Blue Lipari Linen Trousers,No,partially_refunded,1.16749E+12,10023,1.95604E+12,,132.87,34 (UK/US) - 50 (ITA/EU),New York,New York,United States,10023,19/06/2019,New York,New York,Linen Trousers - Lipari Collection,2019-06,1,132.87,-13.28,0,119.59,0,119.59,0
Navy Blue Lipari Linen Trousers,No,paid,1.16811E+12,,1.9625E+12,192 Piccadilly,130,30 (UK/US) - 46 (ITA/EU),,,,,19/06/2019,,,Linen Trousers - Lipari Collection,2019-06,1,108.33,0,0,108.33,21.67,130,0
Sand Lipari Linen Trousers,No,partially_refunded,1.15803E+12,60487,1.94111E+12,,132.87,30 (UK/US) - 46 (ITA/EU),Frankfurt Am Main,,Germany,60487,19/06/2019,Frankfurt Am Main,,Linen Trousers - Lipari Collection,2019-06,-1,0,0,-99.68,-99.68,-19.9,-119.58,0
Navy Blue Lipari Linen Trousers,No,paid,1.16835E+12,1868,1.96276E+12,,130,38 (UK/US) - 54 (ITA/EU),Frederiksberg C,,Denmark,1868,19/06/2019,Frederiksberg C,,Linen Trousers - Lipari Collection,2019-06,1,108.33,0,0,108.33,21.67,130,0
Sand Lipari Linen Trousers,No,paid,1.16782E+12,,1.95977E+12,Marylebone High Street Store,130,38 (UK/US) - 54 (ITA/EU),,,,,19/06/2019,,,Linen Trousers - Lipari Collection,2019-06,1,108.33,0,0,108.33,21.67,130,0
Navy Blue Lipari Linen Trousers,No,paid,1.16777E+12,,1.95835E+12,Marylebone High Street Store,130,34 (UK/US) - 50 (ITA/EU),,,,,19/06/2019,,,Linen Trousers - Lipari Collection,2019-06,1,108.33,0,0,108.33,21.67,130,0
Navy Blue Lipari Linen Trousers,No,paid,1.1667E+12,11762,1.954E+12,,132.37,32 (UK/US) - 48 (ITA/EU),Hoboken,New Jersey,United States,7030,18/06/2019,Massapequa Park,New York,Linen Trousers - Lipari Collection,2019-06,1,132.37,0,0,132.37,0,132.37,0
Sand Lipari Linen Trousers,No,paid,1.16672E+12,,1.95404E+12,192 Piccadilly,130,32 (UK/US) - 48 (ITA/EU),,,,,18/06/2019,,,Linen Trousers - Lipari Collection,2019-06,1,108.33,0,0,108.33,21.67,130,0
Navy Blue Lipari Linen Trousers,No,paid,1.16722E+12,E1W 2RG,1.05733E+12,,130,30 (UK/US) - 46 (ITA/EU),London,,United Kingdom,E1W 2RG,18/06/2019,London,,Linen Trousers - Lipari Collection,2019-06,1,108.33,-10.83,0,97.5,19.5,117,0
Navy Blue Linen Trousers,No,refunded,1.13827E+12,10282,1.91071E+12,,132.93,38 (UK/US) - 54 (ITA/EU),New York,New York,United States,10282,17/06/2019,New York,New York,Linen Trousers,2019-06,-1,0,0,-132.93,-132.93,0,-132.93,0
Navy Blue Lipari Linen Trousers,No,paid,1.16595E+12,,1.95299E+12,192 Piccadilly,130,28 (UK/US) - 44 (ITA/EU),,,,,17/06/2019,,,Linen Trousers - Lipari Collection,2019-06,1,108.33,0,0,108.33,21.67,130,0
Sand Lipari Linen Trousers,No,paid,1.16575E+12,,1.95278E+12,Marylebone High Street Store,130,34 (UK/US) - 50 (ITA/EU),,,,,17/06/2019,,,Linen Trousers - Lipari Collection,2019-06,1,108.34,0,0,108.34,21.66,130,0
Navy Blue Linen Trousers,No,partially_refunded,1.13317E+12,11249,1.88393E+12,,132.86,32 (UK/US) - 48 (ITA/EU),Brooklyn,New York,United States,11249,17/06/2019,Brooklyn,New York,Linen Trousers,2019-06,-1,0,0,-132.86,-132.86,0,-132.86,0
Navy Blue Lipari Linen Trousers,No,paid,1.16575E+12,,1.95278E+12,Marylebone High Street Store,130,34 (UK/US) - 50 (ITA/EU),,,,,17/06/2019,,,Linen Trousers - Lipari Collection,2019-06,1,108.33,0,0,108.33,21.67,130,0
Sand Linen Trousers,No,refunded,1.14689E+12,8731,1.92264E+12,,132.92,36 (UK/US) - 52 (ITA/EU),Bridgewater Township,New Jersey,United States,8807,17/06/2019,Lacey Township,New Jersey,Linen Trousers,2019-06,-1,0,0,-132.92,-132.92,0,-132.92,0
Sand Lipari Linen Trousers,No,paid,1.16516E+12,20910,1.08905E+12,,132.6,30 (UK/US) - 46 (ITA/EU),Silver Spring,Maryland,United States,20910,17/06/2019,Silver Spring,Maryland,Linen Trousers - Lipari Collection,2019-06,1,132.6,0,0,132.6,0,132.6,0
Sand Lipari Linen Trousers,No,paid,1.16547E+12,IP122GW,1.07466E+12,,130,34 (UK/US) - 50 (ITA/EU),Suffolk,,United Kingdom,IP122GW,17/06/2019,Suffolk,,Linen Trousers - Lipari Collection,2019-06,1,108.34,0,0,108.34,21.66,130,0
Sand Lipari Linen Trousers,No,paid,1.16573E+12,,1.94431E+12,Marylebone High Street Store,130,40 (UK/US) - 56 (ITA/EU),,,,,17/06/2019,,,Linen Trousers - Lipari Collection,2019-06,1,108.33,0,0,108.33,21.67,130,0
Navy Blue Lipari Linen Trousers,No,paid,1.16547E+12,IP122GW,1.07466E+12,,130,34 (UK/US) - 50 (ITA/EU),Suffolk,,United Kingdom,IP122GW,17/06/2019,Suffolk,,Linen Trousers - Lipari Collection,2019-06,1,108.34,0,0,108.34,21.66,130,0
Navy Blue Lipari Linen Trousers,No,partially_refunded,1.16515E+12,,1.9518E+12,,132.35,32 (UK/US) - 48 (ITA/EU),Central,Hong Kong Island,Hong Kong,,17/06/2019,Central,Hong Kong Island,Linen Trousers - Lipari Collection,2019-06,1,397.05,0,-264.7,132.35,0,132.35,0
Sand Lipari Linen Trousers,No,paid,1.16583E+12,,1.95288E+12,Marylebone High Street Store,130,40 (UK/US) - 56 (ITA/EU),,,,,17/06/2019,,,Linen Trousers - Lipari Collection,2019-06,1,108.33,0,0,108.33,21.67,130,0
Navy Blue Lipari Linen Trousers,No,paid,1.16573E+12,,1.94431E+12,Marylebone High Street Store,130,40 (UK/US) - 56 (ITA/EU),,,,,17/06/2019,,,Linen Trousers - Lipari Collection,2019-06,1,108.33,0,0,108.33,21.67,130,0
Navy Blue Lipari Linen Trousers,No,paid,1.16516E+12,20910,1.08905E+12,,132.6,30 (UK/US) - 46 (ITA/EU),Silver Spring,Maryland,United States,20910,17/06/2019,Silver Spring,Maryland,Linen Trousers - Lipari Collection,2019-06,1,132.6,0,0,132.6,0,132.6,0
Navy Blue Lipari Linen Trousers,No,paid,1.16487E+12,SW64HH,1.95145E+12,,130,32 (UK/US) - 48 (ITA/EU),London,,United Kingdom,SW64HH,16/06/2019,London,,Linen Trousers - Lipari Collection,2019-06,1,108.33,0,0,108.33,21.67,130,0
Navy Blue Lipari Linen Trousers,No,paid,1.16457E+12,W23EA,1260700611,,130,34 (UK/US) - 50 (ITA/EU),London,,United Kingdom,W23EA,16/06/2019,London,,Linen Trousers - Lipari Collection,2019-06,1,108.32,-37.91,0,70.41,14.09,84.5,0
Sand Lipari Linen Trousers,No,paid,1.16436E+12,,9.91786E+11,Marylebone High Street Store,130,38 (UK/US) - 54 (ITA/EU),,,,,16/06/2019,,,Linen Trousers - Lipari Collection,2019-06,1,108.33,0,0,108.33,21.67,130,0
Navy Blue Lipari Linen Trousers,No,paid,1.16453E+12,,1.95105E+12,Marylebone High Street Store,130,38 (UK/US) - 54 (ITA/EU),,,,,16/06/2019,,,Linen Trousers - Lipari Collection,2019-06,1,108.33,-5.58,0,102.75,20.55,123.3,0
Navy Blue Lipari Linen Trousers,No,paid,1.16436E+12,,9.91786E+11,Marylebone High Street Store,130,38 (UK/US) - 54 (ITA/EU),,,,,16/06/2019,,,Linen Trousers - Lipari Collection,2019-06,1,108.33,0,0,108.33,21.67,130,0
Sand Lipari Linen Trousers,No,paid,1.16475E+12,8045,6.39413E+11,,130,38 (UK/US) - 54 (ITA/EU),Z체rich,,Switzerland,8045,16/06/2019,Z체rich,,Linen Trousers - Lipari Collection,2019-06,1,130,0,0,130,0,130,0
Navy Blue Lipari Linen Trousers,No,paid,1.1646E+12,13008,1.95115E+12,,132.86,34 (UK/US) - 50 (ITA/EU),Marseille,,France,13008,16/06/2019,Marseille,,Linen Trousers - Lipari Collection,2019-06,1,110.72,0,0,110.72,22.14,132.86,0
Navy Blue Lipari Linen Trousers,No,paid,1.16496E+12,80020,1.87912E+12,,132.61,34 (UK/US) - 50 (ITA/EU),Broomfield,Colorado,United States,80020,16/06/2019,Broomfield,Colorado,Linen Trousers - Lipari Collection,2019-06,1,132.61,0,0,132.61,0,132.61,0
Navy Blue Lipari Linen Trousers,No,paid,1.163E+12,W2 7JU,1.94928E+12,,130,34 (UK/US) - 50 (ITA/EU),London,,United Kingdom,W6 9BG,15/06/2019,London,,Linen Trousers - Lipari Collection,2019-06,1,108.34,0,0,108.34,21.66,130,0
Navy Blue Lipari Linen Trousers,No,paid,1.16364E+12,,1.95002E+12,192 Piccadilly,130,30 (UK/US) - 46 (ITA/EU),,,,,15/06/2019,,,Linen Trousers - Lipari Collection,2019-06,1,108.33,0,0,108.33,21.67,130,0
Sand Lipari Linen Trousers,No,partially_refunded,1.16225E+12,SW6 6DU,1.94841E+12,,130,36 (UK/US) - 52 (ITA/EU),London,,United Kingdom,SW6 6DU,14/06/2019,London,,Linen Trousers - Lipari Collection,2019-06,1,108.33,-10.84,0,97.49,19.5,116.99,0
Sand Lipari Linen Trousers,No,paid,1.16227E+12,,1.92525E+12,Marylebone High Street Store,130,32 (UK/US) - 48 (ITA/EU),,,,,14/06/2019,,,Linen Trousers - Lipari Collection,2019-06,1,108.33,-10.83,0,97.5,19.5,117,0
Navy Blue Lipari Linen Trousers,No,paid,1.16227E+12,46046,6.85718E+11,,132.68,32 (UK/US) - 48 (ITA/EU),Medole,Mantova,Italy,46046,14/06/2019,Medole,Mantova,Linen Trousers - Lipari Collection,2019-06,1,110.57,0,0,110.57,22.11,132.68,0
Navy Blue Lipari Linen Trousers,No,paid,1.16227E+12,,1.92525E+12,Marylebone High Street Store,130,32 (UK/US) - 48 (ITA/EU),,,,,14/06/2019,,,Linen Trousers - Lipari Collection,2019-06,1,108.33,-10.83,0,97.5,19.5,117,0
Sand Lipari Linen Trousers,No,paid,1.16108E+12,,1.94698E+12,192 Piccadilly,130,34 (UK/US) - 50 (ITA/EU),,,,,13/06/2019,,,Linen Trousers - Lipari Collection,2019-06,1,108.34,0,0,108.34,21.66,130,0
Navy Blue Lipari Linen Trousers,No,paid,1.16115E+12,,8.55433E+11,Marylebone High Street Store,130,32 (UK/US) - 48 (ITA/EU),,,,,13/06/2019,,,Linen Trousers - Lipari Collection,2019-06,1,108.34,0,0,108.34,21.66,130,0
Navy Blue Lipari Linen Trousers,No,paid,1.16108E+12,,1.94698E+12,192 Piccadilly,130,34 (UK/US) - 50 (ITA/EU),,,,,13/06/2019,,,Linen Trousers - Lipari Collection,2019-06,1,108.33,0,0,108.33,21.67,130,0
Sand Linen Trousers,No,partially_refunded,1.14771E+12,W2 2PE,1.92374E+12,,130,34 (UK/US) - 50 (ITA/EU),London,,United Kingdom,W2 2PE,12/06/2019,London,,Linen Trousers,2019-06,-1,0,0,-97.5,-97.5,-19.5,-117,0
Sand Lipari Linen Trousers,No,paid,1.1601E+12,,1.94584E+12,Marylebone High Street Store,130,32 (UK/US) - 48 (ITA/EU),,,,,12/06/2019,,,Linen Trousers - Lipari Collection,2019-06,1,108.33,0,0,108.33,21.67,130,0
Sand Lipari Linen Trousers,No,paid,1.16026E+12,60487,1.94111E+12,,132.34,28 (UK/US) - 44 (ITA/EU),Frankfurt Am Main,,Germany,60487,12/06/2019,Frankfurt Am Main,,Linen Trousers - Lipari Collection,2019-06,1,110.28,0,0,110.28,22.06,132.34,0
Navy Blue Lipari Linen Trousers,No,paid,1.15812E+12,,6610347788,192 Piccadilly,130,38 (UK/US) - 54 (ITA/EU),,,,,11/06/2019,,,Linen Trousers - Lipari Collection,2019-06,1,108.34,0,0,108.34,21.66,130,0
Navy Blue Lipari Linen Trousers,No,paid,1.1581E+12,,1.94369E+12,Marylebone High Street Store,130,36 (UK/US) - 52 (ITA/EU),,,,,11/06/2019,,,Linen Trousers - Lipari Collection,2019-06,1,108.33,0,0,108.33,21.67,130,0
Navy Blue Linen Trousers,No,partially_refunded,1.14541E+12,10001,1.92037E+12,,132.84,32 (UK/US) - 48 (ITA/EU),New York,New York,United States,10001,11/06/2019,New York,New York,Linen Trousers,2019-06,-1,0,0,-119.55,-119.55,0,-119.55,0
Sand Lipari Linen Trousers,No,paid,1.15812E+12,,6610347788,192 Piccadilly,130,38 (UK/US) - 54 (ITA/EU),,,,,11/06/2019,,,Linen Trousers - Lipari Collection,2019-06,1,108.33,0,0,108.33,21.67,130,0
Sand Lipari Linen Trousers,No,paid,1.15762E+12,11724-1306,1.90921E+12,,132.67,32 (UK/US) - 48 (ITA/EU),Cold Spring Harbor,New York,United States,11724-1306,11/06/2019,Cold Spring Harbor,New York,Linen Trousers - Lipari Collection,2019-06,1,132.67,0,0,132.67,0,132.67,0
Sand Lipari Linen Trousers,No,partially_refunded,1.15803E+12,60487,1.94111E+12,,132.87,30 (UK/US) - 46 (ITA/EU),Frankfurt Am Main,,Germany,60487,11/06/2019,Frankfurt Am Main,,Linen Trousers - Lipari Collection,2019-06,1,110.75,-11.07,0,99.68,19.9,119.58,0
Navy Blue Lipari Linen Trousers,No,paid,1.15829E+12,,9.43966E+11,Marylebone High Street Store,130,36 (UK/US) - 52 (ITA/EU),,,,,11/06/2019,,,Linen Trousers - Lipari Collection,2019-06,1,108.33,0,0,108.33,21.67,130,0
Sand Lipari Linen Trousers,No,paid,1.15816E+12,,1.94395E+12,Marylebone High Street Store,130,32 (UK/US) - 48 (ITA/EU),,,,,11/06/2019,,,Linen Trousers - Lipari Collection,2019-06,1,108.33,-10.41,0,97.92,19.58,117.5,0
Navy Blue Lipari Linen Trousers,No,paid,1.15816E+12,,1.94395E+12,Marylebone High Street Store,130,32 (UK/US) - 48 (ITA/EU),,,,,11/06/2019,,,Linen Trousers - Lipari Collection,2019-06,1,108.32,-10.41,0,97.91,19.59,117.5,0
Sand Lipari Linen Trousers,No,paid,1.15655E+12,2116,1.93987E+12,,132.65,30 (UK/US) - 46 (ITA/EU),Boston,Massachusetts,United States,2116,10/06/2019,Boston,Massachusetts,Linen Trousers - Lipari Collection,2019-06,1,132.65,0,0,132.65,0,132.65,0
Sand Lipari Linen Trousers,No,paid,1.15697E+12,,1260700611,192 Piccadilly,130,34 (UK/US) - 50 (ITA/EU),,,,,10/06/2019,,,Linen Trousers - Lipari Collection,2019-06,1,108.32,-37.91,0,70.41,14.09,84.5,0
Navy Blue Lipari Linen Trousers,No,paid,1.15713E+12,,1.03244E+12,Marylebone High Street Store,130,30 (UK/US) - 46 (ITA/EU),,,,,10/06/2019,,,Linen Trousers - Lipari Collection,2019-06,1,108.33,-10.83,0,97.5,19.5,117,0
Sand Lipari Linen Trousers,No,paid,1.1569E+12,80339,2.50593E+11,,132.59,32 (UK/US) - 48 (ITA/EU),Munich,,Germany,80339,10/06/2019,Munich,,Linen Trousers - Lipari Collection,2019-06,1,110.49,0,0,110.49,22.1,132.59,0
Navy Blue Lipari Linen Trousers,No,paid,1.15592E+12,,6.63492E+11,Marylebone High Street Store,130,32 (UK/US) - 48 (ITA/EU),,,,,09/06/2019,,,Linen Trousers - Lipari Collection,2019-06,1,108.33,0,0,108.33,21.67,130,0
Sand Lipari Linen Trousers,No,paid,1.15611E+12,SW1P1HN,6.81785E+11,,130,34 (UK/US) - 50 (ITA/EU),London,,United Kingdom,SW1P1HN,09/06/2019,London,,Linen Trousers - Lipari Collection,2019-06,1,108.33,0,0,108.33,21.67,130,0
Navy Blue Lipari Linen Trousers,No,paid,1.15611E+12,80123,1.93928E+12,,132.64,32 (UK/US) - 48 (ITA/EU),Littleton,Colorado,United States,80123,09/06/2019,Littleton,Colorado,Linen Trousers - Lipari Collection,2019-06,1,132.64,0,0,132.64,0,132.64,0
Navy Blue Lipari Linen Trousers,No,paid,1.15607E+12,,1.93923E+12,Marylebone High Street Store,130,34 (UK/US) - 50 (ITA/EU),,,,,09/06/2019,,,Linen Trousers - Lipari Collection,2019-06,1,108.33,0,0,108.33,21.67,130,0
Sand Lipari Linen Trousers,No,paid,1.1561E+12,10018,6.57834E+11,,132.65,34 (UK/US) - 50 (ITA/EU),New York,New York,United States,10005,09/06/2019,New York,New York,Linen Trousers - Lipari Collection,2019-06,1,132.65,0,0,132.65,0,132.65,0
Sand Lipari Linen Trousers,No,paid,1.15642E+12,95138,1.93679E+12,,132.65,28 (UK/US) - 44 (ITA/EU),San Jose,California,United States,95138,09/06/2019,San Jose,California,Linen Trousers - Lipari Collection,2019-06,1,132.65,0,0,132.65,0,132.65,0
Navy Blue Lipari Linen Trousers,No,paid,1.15497E+12,,1.1018E+12,Marylebone High Street Store,130,34 (UK/US) - 50 (ITA/EU),,,,,08/06/2019,,,Linen Trousers - Lipari Collection,2019-06,1,108.33,0,0,108.33,21.67,130,0
Navy Blue Lipari Linen Trousers,No,partially_refunded,1.15484E+12,N6 5JL,1.93754E+12,,130,34 (UK/US) - 50 (ITA/EU),London,,United Kingdom,N6 5JL,08/06/2019,London,,Linen Trousers - Lipari Collection,2019-06,1,108.33,0,0,108.33,21.67,130,0
Sand Lipari Linen Trousers,No,paid,1.15504E+12,,1.93781E+12,Marylebone High Street Store,130,32 (UK/US) - 48 (ITA/EU),London,,United Kingdom,EC2Y 5ET,08/06/2019,,,Linen Trousers - Lipari Collection,2019-06,1,108.33,-10.83,0,97.5,19.5,117,0
Navy Blue Lipari Linen Trousers,No,paid,1.15347E+12,68165,6.14664E+11,,132.35,30 (UK/US) - 46 (ITA/EU),Mannheim,,Germany,68165,07/06/2019,Mannheim,,Linen Trousers - Lipari Collection,2019-06,1,110.29,0,0,110.29,22.06,132.35,0
Navy Blue Lipari Linen Trousers,No,paid,1.15367E+12,4761AH,6.62884E+11,,133.03,28 (UK/US) - 44 (ITA/EU),Zevenbergen,,Netherlands,4761AH,07/06/2019,Zevenbergen,,Linen Trousers - Lipari Collection,2019-06,1,110.86,0,0,110.86,22.17,133.03,0
Navy Blue Lipari Linen Trousers,No,paid,1.15373E+12,,1.93607E+12,192 Piccadilly,130,36 (UK/US) - 52 (ITA/EU),,,,,07/06/2019,,,Linen Trousers - Lipari Collection,2019-06,1,108.33,0,0,108.33,21.67,130,0
Navy Blue Lipari Linen Trousers,No,paid,1.15423E+12,8530,1.93671E+12,,132.97,36 (UK/US) - 52 (ITA/EU),Lambertville,New Jersey,United States,8530,07/06/2019,Lambertville,New Jersey,Linen Trousers - Lipari Collection,2019-06,1,132.97,0,0,132.97,0,132.97,0
Sand Lipari Linen Trousers,No,paid,1.15347E+12,68165,6.14664E+11,,132.35,30 (UK/US) - 46 (ITA/EU),Mannheim,,Germany,68165,07/06/2019,Mannheim,,Linen Trousers - Lipari Collection,2019-06,1,110.29,0,0,110.29,22.06,132.35,0
Navy Blue Lipari Linen Trousers,No,partially_refunded,1.15393E+12,,0,Marylebone High Street Store,130,36 (UK/US) - 52 (ITA/EU),,,,,07/06/2019,,,Linen Trousers - Lipari Collection,2019-06,1,108.33,0,0,108.33,21.67,130,0
Sand Lipari Linen Trousers,No,paid,1.15423E+12,8530,1.93671E+12,,132.97,36 (UK/US) - 52 (ITA/EU),Lambertville,New Jersey,United States,8530,07/06/2019,Lambertville,New Jersey,Linen Trousers - Lipari Collection,2019-06,1,132.97,0,0,132.97,0,132.97,0
Navy Blue Lipari Linen Trousers,No,paid,1.15361E+12,NW3 1TJ,1.93591E+12,,130,32 (UK/US) - 48 (ITA/EU),London,,United Kingdom,NW3 1TJ,07/06/2019,London,,Linen Trousers - Lipari Collection,2019-06,1,108.33,0,0,108.33,21.67,130,0
Sand Lipari Linen Trousers,No,paid,1.15367E+12,4761AH,6.62884E+11,,133.03,28 (UK/US) - 44 (ITA/EU),Zevenbergen,,Netherlands,4761AH,07/06/2019,Zevenbergen,,Linen Trousers - Lipari Collection,2019-06,1,110.86,0,0,110.86,22.17,133.03,0
Navy Blue Lipari Linen Trousers,No,paid,1.15206E+12,10003,6.24216E+11,,132.4,34 (UK/US) - 50 (ITA/EU),New York,New York,United States,10003,06/06/2019,New York,New York,Linen Trousers - Lipari Collection,2019-06,1,132.4,0,0,132.4,0,132.4,0
Navy Blue Lipari Linen Trousers,No,paid,1.15282E+12,1000,6.59963E+11,,132.84,32 (UK/US) - 48 (ITA/EU),Brussels,,Belgium,1000,06/06/2019,Brussels,,Linen Trousers - Lipari Collection,2019-06,1,132.84,0,0,132.84,0,132.84,0
Navy Blue Lipari Linen Trousers,No,paid,1.1525E+12,W22QB,1.93034E+12,,130,32 (UK/US) - 48 (ITA/EU),London,,United Kingdom,W22QB,06/06/2019,London,,Linen Trousers - Lipari Collection,2019-06,1,108.33,-10.84,0,97.49,19.5,116.99,0
Navy Blue Lipari Linen Trousers,No,paid,1.1529E+12,13465,1.93486E+12,,132.84,38 (UK/US) - 54 (ITA/EU),Berlin,,Germany,13465,06/06/2019,Berlin,,Linen Trousers - Lipari Collection,2019-06,1,110.71,0,0,110.71,22.13,132.84,0
Sand Lipari Linen Trousers,No,paid,1.15165E+12,,48289447961,Marylebone High Street Store,130,34 (UK/US) - 50 (ITA/EU),,,,,05/06/2019,,,Linen Trousers - Lipari Collection,2019-06,1,108.33,0,0,108.33,21.67,130,0
Navy Blue Lipari Linen Trousers,No,paid,1.15165E+12,,48289447961,Marylebone High Street Store,130,34 (UK/US) - 50 (ITA/EU),,,,,05/06/2019,,,Linen Trousers - Lipari Collection,2019-06,1,108.33,0,0,108.33,21.67,130,0
Sand Linen Trousers,No,refunded,8.07616E+11,30339,6.88849E+11,,133.01,34 (UK/US),Atlanta,Georgia,United States,30339,05/06/2019,Atlanta,Georgia,Linen Trousers,2019-06,-1,0,0,-133.01,-133.01,0,-133.01,0
Sand Linen Trousers,No,refunded,8.07616E+11,30339,6.88849E+11,,133.01,36 (UK/US),Atlanta,Georgia,United States,30339,05/06/2019,Atlanta,Georgia,Linen Trousers,2019-06,-1,0,0,-133.01,-133.01,0,-133.01,0
Sand Lipari Linen Trousers,No,paid,1.15163E+12,RH1 2DS,1.93073E+12,,130,30 (UK/US) - 46 (ITA/EU),Redhill,,United Kingdom,RH1 2DS,05/06/2019,Redhill,,Linen Trousers - Lipari Collection,2019-06,1,108.33,-10.83,0,97.5,19.5,117,0
Sand Lipari Linen Trousers,No,paid,1.15182E+12,32200,1.03643E+12,,130,32 (UK/US) - 48 (ITA/EU),London,,United Kingdom,SW1V 1AF,05/06/2019,Thiva,,Linen Trousers - Lipari Collection,2019-06,1,108.33,0,0,108.33,21.67,130,0
Sand Linen Trousers,No,partially_refunded,8.02551E+11,10804,6.26486E+11,,132.36,36 (UK/US),New Rochelle,New York,United States,10804,05/06/2019,New Rochelle,New York,Linen Trousers,2019-06,-1,0,0,-132.36,-132.36,0,-132.36,0
Sand Lipari Linen Trousers,No,paid,1.15014E+12,18452,6.2646E+11,,130,34 (UK/US) - 50 (ITA/EU),Osterskar,,Sweden,18452,04/06/2019,Osterskar,,Linen Trousers - Lipari Collection,2019-06,1,130,0,0,130,0,130,0
Sand Lipari Linen Trousers,No,paid,1.15057E+12,SW5 0NU,5.94291E+11,,130,32 (UK/US) - 48 (ITA/EU),London,,United Kingdom,SW5 0NU,04/06/2019,London,,Linen Trousers - Lipari Collection,2019-06,1,108.33,0,0,108.33,21.67,130,0
Sand Lipari Linen Trousers,No,paid,1.15014E+12,18452,6.2646E+11,,130,32 (UK/US) - 48 (ITA/EU),Osterskar,,Sweden,18452,04/06/2019,Osterskar,,Linen Trousers - Lipari Collection,2019-06,1,130,0,0,130,0,130,0
Navy Blue Lipari Linen Trousers,No,paid,1.15004E+12,1050,6.41251E+11,,132.37,32 (UK/US) - 48 (ITA/EU),Berlin,,Germany,10999,04/06/2019,Brussels,,Linen Trousers - Lipari Collection,2019-06,1,110.32,0,0,110.32,22.05,132.37,0
Sand Linen Trousers,No,paid,1.14824E+12,78703,1.92453E+12,,132.93,28 (UK/US) - 44 (ITA/EU),New York,New York,United States,10026,03/06/2019,Austin,Texas,Linen Trousers,2019-06,1,132.93,0,0,132.93,0,132.93,0
Sand Lipari Linen Trousers,No,paid,1.14892E+12,SW18 3LQ,6.6039E+11,,130,34 (UK/US) - 50 (ITA/EU),London,,United Kingdom,SW18 3LQ,03/06/2019,London,,Linen Trousers,2019-06,1,108.33,0,0,108.33,21.67,130,0
Sand Lipari Linen Trousers,No,paid,1.14904E+12,,1.92569E+12,Marylebone High Street Store,130,34 (UK/US) - 50 (ITA/EU),,,,,03/06/2019,,,Linen Trousers - Lipari Collection,2019-06,1,108.34,0,0,108.34,21.66,130,0
Navy Blue Lipari Linen Trousers,No,paid,1.14904E+12,,1.92569E+12,Marylebone High Street Store,130,34 (UK/US) - 50 (ITA/EU),,,,,03/06/2019,,,Linen Trousers - Lipari Collection,2019-06,1,108.33,0,0,108.33,21.67,130,0
Sand Linen Trousers,No,partially_refunded,1.14771E+12,W2 2PE,1.92374E+12,,130,34 (UK/US) - 50 (ITA/EU),London,,United Kingdom,W2 2PE,02/06/2019,London,,Linen Trousers,2019-06,1,108.33,-10.83,0,97.5,19.5,117,0
Sand Linen Trousers,No,paid,1.148E+12,20357,6.97914E+11,,132.91,32 (UK/US) - 48 (ITA/EU),Hamburg,,Germany,20357,02/06/2019,Hamburg,,Linen Trousers,2019-06,1,110.76,0,0,110.76,22.15,132.91,0
Navy Blue Linen Trousers,No,paid,1.14778E+12,,1.92015E+12,Marylebone High Street Store,130,32 (UK/US) - 48 (ITA/EU),,,,,02/06/2019,,,Linen Trousers,2019-06,1,108.33,-10.83,0,97.5,19.5,117,0
Sand Linen Trousers,No,paid,1.14778E+12,,1.92015E+12,Marylebone High Street Store,130,32 (UK/US) - 48 (ITA/EU),,,,,02/06/2019,,,Linen Trousers,2019-06,1,108.33,-10.82,0,97.51,19.5,117.01,0
Sand Linen Trousers,No,paid,1.14672E+12,,1.92247E+12,Marylebone High Street Store,130,34 (UK/US) - 50 (ITA/EU),,,,,01/06/2019,,,Linen Trousers,2019-06,1,108.33,0,0,108.33,21.67,130,0
Sand Linen Trousers,No,paid,1.14661E+12,,37576114201,Marylebone High Street Store,130,34 (UK/US) - 50 (ITA/EU),,,,,01/06/2019,,,Linen Trousers,2019-06,1,108.33,0,0,108.33,21.67,130,0
Navy Blue Linen Trousers,No,paid,1.147E+12,12,71217446937,,130,34 (UK/US) - 50 (ITA/EU),Yerevan,,Armenia,12,01/06/2019,Yerevan,,Linen Trousers,2019-06,1,130,0,0,130,0,130,0
Navy Blue Linen Trousers,No,paid,1.14686E+12,,1.92262E+12,Marylebone High Street Store,130,32 (UK/US) - 48 (ITA/EU),,,,,01/06/2019,,,Linen Trousers,2019-06,1,108.33,-10.82,0,97.51,19.5,117.01,0
Sand Linen Trousers,No,paid,1.14686E+12,,1.92262E+12,Marylebone High Street Store,130,32 (UK/US) - 48 (ITA/EU),,,,,01/06/2019,,,Linen Trousers,2019-06,1,108.33,-10.82,0,97.51,19.5,117.01,0
Sand Linen Trousers,No,refunded,1.14689E+12,8731,1.92264E+12,,132.92,36 (UK/US) - 52 (ITA/EU),Bridgewater Township,New Jersey,United States,8807,01/06/2019,Lacey Township,New Jersey,Linen Trousers,2019-06,1,132.92,0,0,132.92,0,132.92,0
Navy Blue Linen Trousers,No,partially_refunded,1.14541E+12,10001,1.92037E+12,,132.84,32 (UK/US) - 48 (ITA/EU),New York,New York,United States,10001,31/05/2019,New York,New York,Linen Trousers,2019-05,1,132.84,-13.29,0,119.55,0,119.55,0
Navy Blue Linen Trousers,No,paid,1.14513E+12,20146,1.02899E+12,,132.77,34 (UK/US) - 50 (ITA/EU),London,,United Kingdom,SW1X8NE,31/05/2019,Hamburg,,Linen Trousers,2019-05,1,110.64,0,0,110.64,22.13,132.77,0
Sand Linen Trousers,No,paid,1.1442E+12,S-98234,1.91863E+12,,130,32 (UK/US) - 48 (ITA/EU),G채llivare,,Sweden,S-98234,30/05/2019,G채llivare,,Linen Trousers,2019-05,1,130,0,0,130,0,130,0
Sand Linen Trousers,No,paid,1.14231E+12,10028,1.91642E+12,,132.62,34 (UK/US) - 50 (ITA/EU),"New York, Ny 10028",New York,United States,10028,29/05/2019,"New York, Ny 10028",New York,Linen Trousers,2019-05,1,132.62,0,0,132.62,0,132.62,0
Sand Linen Trousers,No,paid,1.1428E+12,,8.83047E+11,Marylebone High Street Store,130,32 (UK/US) - 48 (ITA/EU),,,,,29/05/2019,,,Linen Trousers,2019-05,1,108.33,-10.83,0,97.5,19.5,117,0
Sand Linen Trousers,No,paid,1.14284E+12,SW9 9UQ,1.91707E+12,,130,34 (UK/US) - 50 (ITA/EU),London,,United Kingdom,SW9 9UQ,29/05/2019,London,,Linen Trousers,2019-05,1,108.34,0,0,108.34,21.66,130,0
Navy Blue Linen Trousers,No,paid,1.14284E+12,SW9 9UQ,1.91707E+12,,130,34 (UK/US) - 50 (ITA/EU),London,,United Kingdom,SW9 9UQ,29/05/2019,London,,Linen Trousers,2019-05,1,108.33,0,0,108.33,21.67,130,0
Sand Linen Trousers,No,paid,1.14323E+12,,0,Marylebone High Street Store,130,36 (UK/US) - 52 (ITA/EU),,,,,29/05/2019,,,Linen Trousers,2019-05,1,108.33,-10.83,0,97.5,19.5,117,0
Sand Linen Trousers,No,paid,1.14129E+12,48393,1.01454E+12,,132.45,32 (UK/US) - 48 (ITA/EU),Wixom,Michigan,United States,48393,28/05/2019,Wixom,Michigan,Linen Trousers,2019-05,1,132.45,0,0,132.45,0,132.45,0
Navy Blue Linen Trousers,No,paid,1.14197E+12,1040,1.91602E+12,,132.54,38 (UK/US) - 54 (ITA/EU),Brussels,,Belgium,1040,28/05/2019,Brussels,,Linen Trousers,2019-05,1,132.54,0,0,132.54,0,132.54,0
Navy Blue Linen Trousers,No,partially_refunded,1.13958E+12,SE1 3LF,1.91302E+12,,130,32 (UK/US) - 48 (ITA/EU),London,,United Kingdom,E14 4QA,26/05/2019,London,,Linen Trousers,2019-05,1,108.33,0,0,108.33,21.67,130,0
Sand Linen Trousers,No,paid,1.13972E+12,1760,1.91313E+12,,132.93,30 (UK/US) - 46 (ITA/EU),Natick,Massachusetts,United States,1760,26/05/2019,Natick,Massachusetts,Linen Trousers,2019-05,1,132.93,0,0,132.93,0,132.93,0
Navy Blue Linen Trousers,No,paid,1.13938E+12,10280,1.0389E+12,,132.93,38 (UK/US) - 54 (ITA/EU),New York,New York,United States,10280,26/05/2019,New York,New York,Linen Trousers,2019-05,1,132.93,0,0,132.93,0,132.93,0
Navy Blue Linen Trousers,No,paid,1.13914E+12,N21 3PT,9.3219E+11,,130,30 (UK/US) - 46 (ITA/EU),London,,United Kingdom,N21 3PT,26/05/2019,London,,Linen Trousers,2019-05,1,108.34,0,0,108.34,21.66,130,0
Sand Linen Trousers,No,paid,1.13934E+12,,1.91223E+12,Marylebone High Street Store,130,32 (UK/US) - 48 (ITA/EU),,,,,26/05/2019,,,Linen Trousers,2019-05,1,108.33,-10.83,0,97.5,19.5,117,0
Navy Blue Linen Trousers,No,paid,1.13969E+12,130232,1.86599E+12,,130,38 (UK/US) - 54 (ITA/EU),Miselah,,Kuwait,130232,26/05/2019,Miselah,,Linen Trousers,2019-05,1,130,0,0,130,0,130,0
Navy Blue Linen Trousers,No,paid,1.13819E+12,,6.58856E+11,Marylebone High Street Store,130,36 (UK/US) - 52 (ITA/EU),,,,,25/05/2019,,,Linen Trousers,2019-05,1,108.33,0,0,108.33,21.67,130,0
Navy Blue Linen Trousers,No,paid,1.13787E+12,10016,1.09751E+12,,132.92,32 (UK/US) - 48 (ITA/EU),New York,New York,United States,10016,25/05/2019,New York,New York,Linen Trousers,2019-05,1,132.92,-13.29,0,119.63,0,119.63,0
Navy Blue Linen Trousers,No,refunded,1.13827E+12,10282,1.91071E+12,,132.93,38 (UK/US) - 54 (ITA/EU),New York,New York,United States,10282,25/05/2019,New York,New York,Linen Trousers,2019-05,1,132.93,0,0,132.93,0,132.93,0
Sand Linen Trousers,No,paid,1.13722E+12,26365,1.03321E+12,,130,32 (UK/US) - 48 (ITA/EU),Viken,,Sweden,26365,24/05/2019,Viken,,Linen Trousers,2019-05,1,130,0,0,130,0,130,0
Navy Blue Linen Trousers,No,paid,1.13714E+12,,1.90916E+12,Marylebone High Street Store,130,32 (UK/US) - 48 (ITA/EU),,,,,24/05/2019,,,Linen Trousers,2019-05,1,108.33,0,0,108.33,21.67,130,0
Sand Linen Trousers,No,paid,1.1367E+12,10028,1.90857E+12,,132.67,32 (UK/US) - 48 (ITA/EU),New York,New York,United States,10028,24/05/2019,New York,New York,Linen Trousers,2019-05,1,132.67,-13.26,0,119.41,0,119.41,0
Navy Blue Linen Trousers,No,paid,1.13543E+12,11238,1.90675E+12,,132.93,30 (UK/US) - 46 (ITA/EU),Brooklyn,New York,United States,11238,23/05/2019,Brooklyn,New York,Linen Trousers,2019-05,1,132.93,-13.29,0,119.64,0,119.64,0
Sand Linen Trousers,No,paid,1.1355E+12,,6.31678E+11,Marylebone High Street Store,130,32 (UK/US) - 48 (ITA/EU),,,,,23/05/2019,,,Linen Trousers,2019-05,1,108.33,-10.83,0,97.5,19.5,117,0
Sand Linen Trousers,No,paid,1.13538E+12,,6.60566E+11,Marylebone High Street Store,130,34 (UK/US) - 50 (ITA/EU),,,,,23/05/2019,,,Linen Trousers,2019-05,1,108.33,0,0,108.33,21.67,130,0
Sand Linen Trousers,No,partially_refunded,1.13529E+12,20457,1.8874E+12,,133.07,34 (UK/US) - 50 (ITA/EU),Hamburg,,Germany,20457,23/05/2019,Hamburg,,Linen Trousers,2019-05,1,110.93,-11.09,0,99.84,19.92,119.76,0
Sand Linen Trousers,No,paid,1.13558E+12,,359209195,Marylebone High Street Store,130,30 (UK/US) - 46 (ITA/EU),,,,,23/05/2019,,,Linen Trousers,2019-05,1,108.32,-37.92,0,70.4,14.09,84.49,0
Navy Blue Linen Trousers,No,partially_refunded,1.13529E+12,20457,1.8874E+12,,133.07,34 (UK/US) - 50 (ITA/EU),Hamburg,,Germany,20457,23/05/2019,Hamburg,,Linen Trousers,2019-05,1,110.93,-11.08,0,99.85,19.92,119.77,0
Sand Linen Trousers,No,paid,1.13437E+12,11201,1.88616E+12,,132.75,36 (UK/US) - 52 (ITA/EU),New York,New York,United States,10011,22/05/2019,New York,New York,Linen Trousers,2019-05,1,132.75,-13.27,0,119.48,0,119.48,0
Sand Linen Trousers,No,paid,1.13336E+12,10023,1.88421E+12,,132.86,34 (UK/US) - 50 (ITA/EU),New York,New York,United States,10023,21/05/2019,New York,New York,Linen Trousers,2019-05,1,132.86,-13.29,0,119.57,0,119.57,0
Sand Linen Trousers,No,paid,1.13303E+12,,1.88368E+12,Marylebone High Street Store,130,38 (UK/US) - 54 (ITA/EU),,,,,21/05/2019,,,Linen Trousers,2019-05,1,108.33,0,0,108.33,21.67,130,0
Sand Linen Trousers,No,paid,1.13367E+12,SW6 5AD,1.88472E+12,,130,36 (UK/US) - 52 (ITA/EU),London,,United Kingdom,EC4Y 9DH,21/05/2019,London,,Linen Trousers,2019-05,1,108.33,0,0,108.33,21.67,130,0
Navy Blue Linen Trousers,No,partially_refunded,1.13317E+12,11249,1.88393E+12,,132.86,32 (UK/US) - 48 (ITA/EU),Brooklyn,New York,United States,11249,21/05/2019,Brooklyn,New York,Linen Trousers,2019-05,1,132.86,0,0,132.86,0,132.86,0
Sand Linen Trousers,No,paid,1.13302E+12,W114LN,1.88032E+12,,130,36 (UK/US) - 52 (ITA/EU),London,,United Kingdom,W114LN,21/05/2019,London,,Linen Trousers,2019-05,1,108.33,0,0,108.33,21.67,130,0
Navy Blue Linen Trousers,No,partially_refunded,1.13317E+12,11249,1.88393E+12,,132.86,30 (UK/US) - 46 (ITA/EU),Brooklyn,New York,United States,11249,21/05/2019,Brooklyn,New York,Linen Trousers,2019-05,1,132.86,0,0,132.86,0,132.86,0
Navy Blue Linen Trousers,No,refunded,1.13174E+12,4761AH,6.62884E+11,,132.41,32 (UK/US) - 48 (ITA/EU),Zevenbergen,,Netherlands,4761AH,20/05/2019,Zevenbergen,,Linen Trousers,2019-05,1,110.34,0,0,110.34,22.07,132.41,0
Navy Blue Linen Trousers,No,refunded,1.13174E+12,4761AH,6.62884E+11,,132.41,30 (UK/US) - 46 (ITA/EU),Zevenbergen,,Netherlands,4761AH,20/05/2019,Zevenbergen,,Linen Trousers,2019-05,1,110.34,0,0,110.34,22.07,132.41,0
Sand Linen Trousers,No,paid,1.13036E+12,,8.75649E+11,Marylebone High Street Store,130,30 (UK/US) - 46 (ITA/EU),,,,,19/05/2019,,,Linen Trousers,2019-05,1,108.34,0,0,108.34,21.66,130,0
Sand Linen Trousers,No,partially_refunded,1.13083E+12,10021,9.39062E+11,,132.88,32 (UK/US) - 48 (ITA/EU),New York,New York,United States,10003,19/05/2019,Ne Wyork,New York,Linen Trousers,2019-05,1,132.88,-13.28,0,119.6,0,119.6,0
Sand Linen Trousers,No,paid,1.13118E+12,7302,1.88107E+12,,132.88,32 (UK/US) - 48 (ITA/EU),Jersey City,New Jersey,United States,7302,19/05/2019,Jersey City,New Jersey,Linen Trousers,2019-05,1,132.88,0,0,132.88,0,132.88,0
Navy Blue Linen Trousers,No,paid,1.13018E+12,11342,6.38645E+11,,130,32 (UK/US) - 48 (ITA/EU),Stockholm,,Sweden,11342,19/05/2019,Stockholm,,Linen Trousers,2019-05,1,130,0,0,130,0,130,0
Navy Blue Linen Trousers,No,paid,1.13009E+12,W114LN,1.88032E+12,,130,36 (UK/US) - 52 (ITA/EU),London,,United Kingdom,W114LN,19/05/2019,London,,Linen Trousers,2019-05,1,108.33,0,0,108.33,21.67,130,0
Navy Blue Linen Trousers,No,paid,1.13036E+12,,8.75649E+11,Marylebone High Street Store,130,30 (UK/US) - 46 (ITA/EU),,,,,19/05/2019,,,Linen Trousers,2019-05,1,108.33,0,0,108.33,21.67,130,0
Sand Linen Trousers,No,paid,1.13018E+12,11342,6.38645E+11,,130,32 (UK/US) - 48 (ITA/EU),Stockholm,,Sweden,11342,19/05/2019,Stockholm,,Linen Trousers,2019-05,1,130,0,0,130,0,130,0
Sand Linen Trousers,No,paid,1.13078E+12,HP17 8DT,1.05781E+12,,130,32 (UK/US) - 48 (ITA/EU),Haddenham,,United Kingdom,HP17 8DT,19/05/2019,Haddenham,,Linen Trousers,2019-05,1,108.33,0,0,108.33,21.67,130,0
Sand Linen Trousers,No,paid,1.1302E+12,,1.88046E+12,Marylebone High Street Store,130,30 (UK/US) - 46 (ITA/EU),,,,,19/05/2019,,,Linen Trousers,2019-05,1,108.33,0,0,108.33,21.67,130,0
Navy Blue Linen Trousers,No,paid,1.13077E+12,SW1W9AS,3374200518,,130,34 (UK/US) - 50 (ITA/EU),London,,United Kingdom,SW1W9AS,19/05/2019,London,,Linen Trousers,2019-05,1,108.32,-32.49,0,75.83,15.17,91,0
Sand Linen Trousers,No,paid,1.13026E+12,EC2Y 9HU,1.02093E+12,,130,36 (UK/US) - 52 (ITA/EU),London,,United Kingdom,EC2Y 9HU,19/05/2019,London,,Linen Trousers,2019-05,1,108.34,0,0,108.34,21.66,130,0
Navy Blue Linen Trousers,No,paid,1.12839E+12,,1.87912E+12,Marylebone High Street Store,130,36 (UK/US) - 52 (ITA/EU),,,,,18/05/2019,,,Linen Trousers,2019-05,1,108.33,0,0,108.33,21.67,130,0
Navy Blue Linen Trousers,No,paid,1.12848E+12,,1.87921E+12,Marylebone High Street Store,130,36 (UK/US) - 52 (ITA/EU),,,,,18/05/2019,,,Linen Trousers,2019-05,1,108.33,0,0,108.33,21.67,130,0
Navy Blue Linen Trousers,No,paid,1.12846E+12,,1.87919E+12,Marylebone High Street Store,130,28 (UK/US) - 44 (ITA/EU),,,,,18/05/2019,,,Linen Trousers,2019-05,1,108.33,0,0,108.33,21.67,130,0
Sand Linen Trousers,No,paid,1.12636E+12,9000,1.87656E+12,,132.75,32 (UK/US) - 48 (ITA/EU),Aalborg,,Denmark,9000,17/05/2019,Aalborg,,Linen Trousers,2019-05,1,110.66,-11.06,0,99.6,19.88,119.48,0
Navy Blue Linen Trousers,No,paid,1.12636E+12,9000,1.87656E+12,,132.75,32 (UK/US) - 48 (ITA/EU),Aalborg,,Denmark,9000,17/05/2019,Aalborg,,Linen Trousers,2019-05,1,110.67,-11.07,0,99.6,19.87,119.47,0
Sand Linen Trousers,No,paid,1.12575E+12,33496,1.8732E+12,,132.71,32 (UK/US) - 48 (ITA/EU),Boca Raton,Florida,United States,33496,16/05/2019,Boca Raton,Florida,Linen Trousers,2019-05,1,132.71,0,0,132.71,0,132.71,0
Sand Linen Trousers,No,paid,1.1247E+12,90049,1.87156E+12,,132.74,38 (UK/US) - 54 (ITA/EU),Los Angeles,California,United States,90049,15/05/2019,Los Angeles,California,Linen Trousers,2019-05,1,132.74,-13.27,0,119.47,0,119.47,0
Sand Linen Trousers,No,paid,1.1243E+12,,1.10892E+12,Marylebone High Street Store,130,36 (UK/US) - 52 (ITA/EU),,,,,15/05/2019,,,Linen Trousers,2019-05,1,108.33,0,0,108.33,21.67,130,0
Sand Linen Trousers,No,paid,1.12213E+12,,9.01314E+11,Marylebone High Street Store,130,28 (UK/US) - 44 (ITA/EU),,,,,14/05/2019,,,Linen Trousers,2019-05,1,108.33,0,0,108.33,21.67,130,0
Navy Blue Linen Trousers,No,paid,1.12212E+12,15452,1.8658E+12,,132.55,36 (UK/US) - 52 (ITA/EU),Athens,,Greece,10674,14/05/2019,Psychiko,,Linen Trousers,2019-05,1,110.5,-11.04,0,99.46,19.84,119.3,0
Sand Linen Trousers,No,paid,1.12055E+12,10003,6.24216E+11,,132.91,32 (UK/US) - 48 (ITA/EU),New York,New York,United States,10003,13/05/2019,New York,New York,Linen Trousers,2019-05,1,132.91,0,0,132.91,0,132.91,0
Sand Linen Trousers,No,paid,1.12018E+12,GL8 8DZ,6.80709E+11,,130,32 (UK/US) - 48 (ITA/EU),Singapore,,Singapore,98406,13/05/2019,Tetbury,,Linen Trousers,2019-05,1,130,-20.8,0,109.2,0,109.2,0
Navy Blue Linen Trousers,No,paid,1.12004E+12,N16 7HG,6.94942E+11,,130,32 (UK/US) - 48 (ITA/EU),London,,United Kingdom,E14 5EY,13/05/2019,London,,Linen Trousers,2019-05,1,108.33,0,0,108.33,21.67,130,0
Navy Blue Linen Trousers,No,paid,1.11887E+12,N1 4NA,1.86233E+12,,130,32 (UK/US) - 48 (ITA/EU),London,,United Kingdom,EC2A 4AR,12/05/2019,London,,Linen Trousers,2019-05,1,108.33,0,0,108.33,21.67,130,0
Sand Linen Trousers,No,paid,1.11884E+12,SE1 2JW,5018287948,,130,36 (UK/US) - 52 (ITA/EU),London,,United Kingdom,SE1 2JW,12/05/2019,London,,Linen Trousers,2019-05,1,108.33,0,0,108.33,21.67,130,0
Sand Linen Trousers,No,paid,1.11901E+12,SE108JZ,6687558796,,130,32 (UK/US) - 48 (ITA/EU),London,,United Kingdom,SE108JZ,12/05/2019,London,,Linen Trousers,2019-05,1,108.33,0,0,108.33,21.67,130,0
Sand Linen Trousers,No,paid,1.119E+12,60431,1.09715E+12,,132.27,40 (UK/US) - 56 (ITA/EU),Frankfurt A. M.,,Germany,60431,12/05/2019,Frankfurt A. M.,,Linen Trousers,2019-05,1,110.23,0,0,110.23,22.04,132.27,0
Navy Blue Linen Trousers,No,paid,1.11842E+12,EC2R 7HF,1.8617E+12,,130,32 (UK/US) - 48 (ITA/EU),London,,United Kingdom,EC2R 7HF,12/05/2019,London,,Linen Trousers,2019-05,1,108.33,-10.83,0,97.5,19.5,117,0
Sand Linen Trousers,No,paid,1.11687E+12,,5847971020,Marylebone High Street Store,130,32 (UK/US) - 48 (ITA/EU),,,,,11/05/2019,,,Linen Trousers,2019-05,1,108.33,0,0,108.33,21.67,130,0
Navy Blue Linen Trousers,No,paid,1.11687E+12,,5847971020,Marylebone High Street Store,130,32 (UK/US) - 48 (ITA/EU),,,,,11/05/2019,,,Linen Trousers,2019-05,1,108.33,0,0,108.33,21.67,130,0
Sand Linen Trousers,No,paid,1.11795E+12,10038,2.4277E+11,,132.32,34 (UK/US) - 50 (ITA/EU),New York,New York,United States,10038,11/05/2019,New York,New York,Linen Trousers,2019-05,1,132.32,0,0,132.32,0,132.32,0
Navy Blue Linen Trousers,No,paid,1.11726E+12,,2031599238,Marylebone High Street Store,130,32 (UK/US) - 48 (ITA/EU),,,,,11/05/2019,,,Linen Trousers,2019-05,1,108.33,-37.91,0,70.42,14.08,84.5,0
Sand Linen Trousers,No,paid,1.1155E+12,F92 E2W5,1.8586E+12,,132.91,32 (UK/US) - 48 (ITA/EU),Letterkenny,Donegal,Ireland,F92 E2W5,11/05/2019,Letterkenny,Donegal,Linen Trousers,2019-05,1,110.76,0,0,110.76,22.15,132.91,0
Sand Linen Trousers,No,paid,8.17395E+11,,1.10912E+12,Marylebone High Street Store,130,30 (UK/US),,,,,09/05/2019,,,Linen Trousers,2019-05,1,108.33,0,0,108.33,21.67,130,0
Sand Linen Trousers,No,paid,8.16902E+11,,1.10848E+12,Marylebone High Street Store,130,36 (UK/US),,,,,09/05/2019,,,Linen Trousers,2019-05,1,108.33,0,0,108.33,21.67,130,0
Navy Blue Linen Trousers,No,paid,8.16902E+11,,1.10848E+12,Marylebone High Street Store,130,34 (UK/US),,,,,09/05/2019,,,Linen Trousers,2019-05,1,108.33,0,0,108.33,21.67,130,0
Sand Linen Trousers,No,paid,8.1593E+11,SW10 0NW,6.23716E+11,,130,32 (UK/US),London,,United Kingdom,SW10 0NW,08/05/2019,London,,Linen Trousers,2019-05,1,108.33,-10.83,0,97.5,19.5,117,0
Sand Linen Trousers,No,partially_refunded,7.9545E+11,10004,1.07979E+12,,132.39,32 (UK/US),New York,New York,United States,10004,07/05/2019,New York,New York,Linen Trousers,2019-05,-1,0,0,-119.15,-119.15,0,-119.15,0
Navy Blue Linen Trousers,No,paid,8.10384E+11,RG27 9SL,6.41032E+11,,130,36 (UK/US),Hook,,United Kingdom,RG27 9SL,06/05/2019,Hook,,Linen Trousers,2019-05,1,108.33,0,0,108.33,21.67,130,0
Sand Linen Trousers,No,partially_refunded,8.10215E+11,N1 8HB,1.10152E+12,,130,36 (UK/US),London,,United Kingdom,N1 8HB,06/05/2019,London,,Linen Trousers,2019-05,1,108.32,0,0,108.32,21.68,130,0
Navy Blue Linen Trousers,No,paid,8.08789E+11,E9 7DF,1.09982E+12,,130,36 (UK/US),London,,United Kingdom,E9 7DF,04/05/2019,London,,Linen Trousers,2019-05,1,108.33,-10.84,0,97.49,19.5,116.99,0
Sand Linen Trousers,No,refunded,8.07616E+11,30339,6.88849E+11,,133.01,34 (UK/US),Atlanta,Georgia,United States,30339,03/05/2019,Atlanta,Georgia,Linen Trousers,2019-05,1,133.01,0,0,133.01,0,133.01,0
Sand Linen Trousers,No,paid,8.0742E+11,SL6 8LE,2183204806,,130,34 (UK/US),London,,United Kingdom,SL6 8LE,03/05/2019,London,,Linen Trousers,2019-05,1,108.32,-16.24,0,92.08,18.42,110.5,0
Navy Blue Linen Trousers,No,paid,8.07218E+11,,1.09808E+12,Marylebone High Street Store,130,34 (UK/US),,,,,03/05/2019,,,Linen Trousers,2019-05,1,108.33,0,0,108.33,21.67,130,0
Navy Blue Linen Trousers,No,paid,8.07377E+11,60325,1.09828E+12,,132.94,34 (UK/US),Frankfurt Am Main,,Germany,60327,03/05/2019,Frankfurt,,Linen Trousers,2019-05,1,110.78,0,0,110.78,22.16,132.94,0
Navy Blue Linen Trousers,No,paid,8.0742E+11,SL6 8LE,2183204806,,130,34 (UK/US),London,,United Kingdom,SL6 8LE,03/05/2019,London,,Linen Trousers,2019-05,1,108.35,-16.26,0,92.09,18.4,110.49,0
Sand Linen Trousers,No,refunded,8.07616E+11,30339,6.88849E+11,,133.01,36 (UK/US),Atlanta,Georgia,United States,30339,03/05/2019,Atlanta,Georgia,Linen Trousers,2019-05,1,133.01,0,0,133.01,0,133.01,0
Sand Linen Trousers,No,paid,8.07377E+11,60325,1.09828E+12,,132.94,34 (UK/US),Frankfurt Am Main,,Germany,60327,03/05/2019,Frankfurt,,Linen Trousers,2019-05,1,110.78,0,0,110.78,22.16,132.94,0
Sand Linen Trousers,No,paid,8.06355E+11,,9.01716E+11,Marylebone High Street Store,130,30 (UK/US),,,,,02/05/2019,,,Linen Trousers,2019-05,1,108.34,0,0,108.34,21.66,130,0
Navy Blue Linen Trousers,No,paid,8.06484E+11,60433,1.09715E+12,,132.31,40 (UK/US),Frankfurt Am Main,,Germany,60433,02/05/2019,Frankfurt Am Main,,Linen Trousers,2019-05,1,110.26,0,0,110.26,22.05,132.31,0
Sand Linen Trousers,No,refunded,7.88343E+11,SO14 3HR,6.06611E+11,,130,34 (UK/US),London,,United Kingdom,W1K 2QA,01/05/2019,Southampton,,Linen Trousers,2019-05,-1,0,0,-108.34,-108.34,-21.66,-130,0
Navy Blue Linen Trousers,No,refunded,7.88343E+11,SO14 3HR,6.06611E+11,,130,34 (UK/US),London,,United Kingdom,W1K 2QA,01/05/2019,Southampton,,Linen Trousers,2019-05,-1,0,0,-108.33,-108.33,-21.67,-130,0
Navy Blue Linen Trousers,No,paid,8.03864E+11,,8.93323E+11,Marylebone High Street Store,130,32 (UK/US),,,,,30/04/2019,,,Linen Trousers,2019-04,1,108.34,0,0,108.34,21.66,130,0
Sand Linen Trousers,No,paid,8.03864E+11,,8.93323E+11,Marylebone High Street Store,130,32 (UK/US),,,,,30/04/2019,,,Linen Trousers,2019-04,1,108.33,0,0,108.33,21.67,130,0
Sand Linen Trousers,No,partially_refunded,7.89791E+11,N6 5HR,6576392460,,130,36 (UK/US),London,,United Kingdom,SW1E 6DE,30/04/2019,London,,Linen Trousers,2019-04,-1,0,0,-108.33,-108.33,-21.67,-130,0
Sand Linen Trousers,No,partially_refunded,8.02551E+11,10804,6.26486E+11,,132.36,36 (UK/US),New Rochelle,New York,United States,10804,29/04/2019,New Rochelle,New York,Linen Trousers,2019-04,1,132.36,0,0,132.36,0,132.36,0
Sand Linen Trousers,No,paid,8.02494E+11,81679,6329890252,,132.91,30 (UK/US),Munich,,Germany,81675,29/04/2019,Munich,,Linen Trousers,2019-04,1,110.76,0,0,110.76,22.15,132.91,0
Sand Linen Trousers,No,paid,8.01614E+11,,8.93611E+11,Marylebone High Street Store,130,40 (UK/US),,,,,28/04/2019,,,Linen Trousers,2019-04,1,108.33,0,0,108.33,21.67,130,0
Sand Linen Trousers,No,paid,8.01648E+11,SW7 3EE,345494947,,130,34 (UK/US),London,,United Kingdom,W1K 7QB,28/04/2019,London,,Linen Trousers,2019-04,1,108.33,-37.91,0,70.42,14.08,84.5,0
Navy Blue Linen Trousers,No,paid,8.01614E+11,,8.93611E+11,Marylebone High Street Store,130,40 (UK/US),,,,,28/04/2019,,,Linen Trousers,2019-04,1,108.33,0,0,108.33,21.67,130,0
Navy Blue Linen Trousers,No,partially_refunded,8.01789E+11,30339,6.88849E+11,,132.4,32 (UK/US),Atlanta,Georgia,United States,30339,28/04/2019,Atlanta,Georgia,Linen Trousers,2019-04,1,132.4,0,0,132.4,0,132.4,0
Sand Linen Trousers,No,paid,8.01648E+11,SW7 3EE,345494947,,130,30 (UK/US),London,,United Kingdom,W1K 7QB,28/04/2019,London,,Linen Trousers,2019-04,1,108.32,-37.92,0,70.4,14.09,84.49,0
Navy Blue Linen Trousers,No,paid,8.00738E+11,,1.08629E+12,Marylebone High Street Store,130,32 (UK/US),,,,,27/04/2019,,,Linen Trousers,2019-04,1,108.33,0,0,108.33,21.67,130,0
Navy Blue Linen Trousers,No,paid,8.00738E+11,,1.08629E+12,Marylebone High Street Store,130,30 (UK/US),,,,,27/04/2019,,,Linen Trousers,2019-04,1,108.33,0,0,108.33,21.67,130,0
Navy Blue Linen Trousers,No,paid,7.99635E+11,1015CE,1.08512E+12,,132.99,32 (UK/US),Amsterdam,,Netherlands,1015CE,26/04/2019,Amsterdam,,Linen Trousers,2019-04,1,110.86,-11.07,0,99.79,19.91,119.7,0
Sand Linen Trousers,No,paid,7.99728E+11,,1.08522E+12,Marylebone High Street Store,130,30 (UK/US),,,,,26/04/2019,,,Linen Trousers,2019-04,1,108.33,-10.83,0,97.5,19.5,117,0
Navy Blue Linen Trousers,No,paid,7.99739E+11,,1.08523E+12,Marylebone High Street Store,130,38 (UK/US),,,,,26/04/2019,,,Linen Trousers,2019-04,1,108.33,0,0,108.33,21.67,130,0
Navy Blue Linen Trousers,No,refunded,7.57155E+11,EX203RQ,1.02548E+12,,130,30 (UK/US),Jacobstowe,,United Kingdom,EX203RQ,26/04/2019,Jacobstowe,,Linen Trousers,2019-04,-1,0,0,-108.33,-108.33,-21.67,-130,0
Sand Linen Trousers,No,paid,7.98476E+11,10004,1.07979E+12,,132.58,34 (UK/US),New York,New York,United States,10004,25/04/2019,New York,New York,Linen Trousers,2019-04,1,132.58,0,0,132.58,0,132.58,0
Navy Blue Linen Trousers,No,partially_refunded,7.98331E+11,10119,1.08357E+12,,133.09,32 (UK/US),Berlin,,Germany,10119,25/04/2019,Berlin,,Linen Trousers,2019-04,1,110.92,0,0,110.92,22.17,133.09,0
Navy Blue Linen Trousers,No,paid,7.97423E+11,SL6 0BF,663732867,,130,34 (UK/US),London,,United Kingdom,W1J 8AJ,24/04/2019,Taplow,,Linen Trousers,2019-04,1,108.33,-37.91,0,70.42,14.08,84.5,0
Navy Blue Linen Trousers,No,paid,7.97517E+11,W1S4FE,7.00786E+11,,130,34 (UK/US),London,,United Kingdom,W1S4FE,24/04/2019,London,,Linen Trousers,2019-04,1,108.33,-10.83,0,97.5,19.5,117,0
Sand Linen Trousers,No,partially_refunded,7.96721E+11,10804,6.26486E+11,,132.28,34 (UK/US),New Rochelle,New York,United States,10804,23/04/2019,New Rochelle,New York,Linen Trousers,2019-04,1,132.28,-47.57,0,84.71,0,84.71,0
Sand Linen Trousers,No,partially_refunded,7.9545E+11,10004,1.07979E+12,,132.39,32 (UK/US),New York,New York,United States,10004,22/04/2019,New York,New York,Linen Trousers,2019-04,1,132.39,-13.24,0,119.15,0,119.15,0
Sand Linen Trousers,No,paid,7.95726E+11,,1.08012E+12,Marylebone High Street Store,130,32 (UK/US),,,,,22/04/2019,,,Linen Trousers,2019-04,1,108.33,0,0,108.33,21.67,130,0
Navy Blue Linen Trousers,No,paid,7.95878E+11,,1.07815E+12,Marylebone High Street Store,130,36 (UK/US),,,,,22/04/2019,,,Linen Trousers,2019-04,1,108.34,0,0,108.34,21.66,130,0
Sand Linen Trousers,No,paid,7.94143E+11,,1.07815E+12,Marylebone High Street Store,130,36 (UK/US),,,,,20/04/2019,,,Linen Trousers,2019-04,1,108.33,0,0,108.33,21.67,130,0
Sand Linen Trousers,No,paid,7.92851E+11,E14 5EY,6.94942E+11,,130,32 (UK/US),London,,United Kingdom,E14 5EY,19/04/2019,London,,Linen Trousers,2019-04,1,108.33,-10.84,0,97.49,19.5,116.99,0
Navy Blue Linen Trousers,No,paid,7.92206E+11,LS208NS,9.7952E+11,,130,34 (UK/US),London,,United Kingdom,SW1Y 4UH,18/04/2019,Leeds,,Linen Trousers,2019-04,1,108.33,0,0,108.33,21.67,130,0
Sand Linen Trousers,No,paid,7.91672E+11,,8.82953E+11,Marylebone High Street Store,130,32 (UK/US),,,,,18/04/2019,,,Linen Trousers,2019-04,1,108.33,0,0,108.33,21.67,130,0
Sand Linen Trousers,No,paid,7.9069E+11,650171,1.07343E+12,,130,30 (UK/US),Singapore,,Singapore,650171,17/04/2019,Singapore,,Linen Trousers,2019-04,1,130,0,0,130,0,130,0
Sand Linen Trousers,No,paid,7.90929E+11,,1.07466E+12,Marylebone High Street Store,130,34 (UK/US),,,,,17/04/2019,,,Linen Trousers,2019-04,1,108.33,0,0,108.33,21.67,130,0
Navy Blue Linen Trousers,No,paid,7.91225E+11,BN16 2SL,1.07499E+12,,130,34 (UK/US),Littlehampton,,United Kingdom,BN16 2SL,17/04/2019,Littlehampton,,Linen Trousers,2019-04,1,108.33,-10.83,0,97.5,19.5,117,0
Sand Linen Trousers,No,paid,7.90885E+11,7203,86687186969,,132.5,36 (UK/US),Roselle,New Jersey,United States,7203,17/04/2019,Roselle,New Jersey,Linen Trousers,2019-04,1,132.5,0,0,132.5,0,132.5,0
Sand Linen Trousers,No,paid,7.91139E+11,NW6 6QB,3537841222,,130,32 (UK/US),London,,United Kingdom,EC2N 2DL,17/04/2019,London,,Linen Trousers,2019-04,1,108.33,0,0,108.33,21.67,130,0
Sand Linen Trousers,No,paid,7.8997E+11,00-112,9.04104E+11,,130,34 (UK/US),Warsaw,,Poland,00-112,16/04/2019,Warsaw,,Linen Trousers,2019-04,1,130,0,0,130,0,130,0
Sand Linen Trousers,No,partially_refunded,7.89791E+11,N6 5HR,6576392460,,130,36 (UK/US),London,,United Kingdom,SW1E 6DE,16/04/2019,London,,Linen Trousers,2019-04,1,108.33,0,0,108.33,21.67,130,0
Sand Linen Trousers,No,partially_refunded,7.89791E+11,N6 5HR,6576392460,,130,34 (UK/US),London,,United Kingdom,SW1E 6DE,16/04/2019,London,,Linen Trousers,2019-04,1,108.33,0,0,108.33,21.67,130,0
Sand Linen Trousers,No,paid,7.88471E+11,WD3 1QJ,9.76576E+11,,130,32 (UK/US),London,,United Kingdom,W1G 6LR,14/04/2019,"Rickmansworth, Hertfordshire",,Linen Trousers,2019-04,1,108.33,0,0,108.33,21.67,130,0
Navy Blue Linen Trousers,No,paid,7.87522E+11,SW1Y 4AH,1.07083E+12,,132.31,36 (UK/US),London,,United Kingdom,SW1Y 4AH,14/04/2019,London,,Linen Trousers,2019-04,1,110.33,-16.55,0,93.78,18.68,112.46,0
Sand Linen Trousers,No,paid,7.87522E+11,SW1Y 4AH,1.07083E+12,,132.31,36 (UK/US),London,,United Kingdom,SW1Y 4AH,14/04/2019,London,,Linen Trousers,2019-04,1,110.32,-16.54,0,93.78,18.69,112.47,0
Sand Linen Trousers,No,paid,7.88373E+11,W2 2NW,6117227980,,130,34 (UK/US),London,,United Kingdom,W2 2NW,14/04/2019,London,,Linen Trousers,2019-04,1,108.33,0,0,108.33,21.67,130,0
Navy Blue Linen Trousers,No,paid,7.88341E+11,82335,6267136012,,130,30 (UK/US),Berg,,Germany,82335,14/04/2019,Berg,,Linen Trousers,2019-04,1,108.33,0,0,108.33,21.67,130,0
Navy Blue Linen Trousers,No,paid,7.88471E+11,WD3 1QJ,9.76576E+11,,130,32 (UK/US),London,,United Kingdom,W1G 6LR,14/04/2019,"Rickmansworth, Hertfordshire",,Linen Trousers,2019-04,1,108.34,0,0,108.34,21.66,130,0
Navy Blue Linen Trousers,No,paid,7.88373E+11,W2 2NW,6117227980,,130,34 (UK/US),London,,United Kingdom,W2 2NW,14/04/2019,London,,Linen Trousers,2019-04,1,108.33,0,0,108.33,21.67,130,0
Sand Linen Trousers,No,refunded,7.88343E+11,SO14 3HR,6.06611E+11,,130,34 (UK/US),London,,United Kingdom,W1K 2QA,14/04/2019,Southampton,,Linen Trousers,2019-04,1,108.34,0,0,108.34,21.66,130,0
Navy Blue Linen Trousers,No,refunded,7.88343E+11,SO14 3HR,6.06611E+11,,130,34 (UK/US),London,,United Kingdom,W1K 2QA,14/04/2019,Southampton,,Linen Trousers,2019-04,1,108.33,0,0,108.33,21.67,130,0
Sand Linen Trousers,No,partially_refunded,7.83214E+11,10004,1.06901E+12,,132.76,32 (UK/US),New York,New York,United States,10004,12/04/2019,New York,New York,Linen Trousers,2019-04,1,132.76,0,0,132.76,0,132.76,0
Navy Blue Linen Trousers,No,paid,7.78609E+11,MK7 7TT,1.06686E+12,,132.68,32 (UK/US),Milton Keynes,,United Kingdom,MK7 7TT,10/04/2019,Milton Keynes,,Linen Trousers,2019-04,1,110.56,0,0,110.56,22.12,132.68,0
Navy Blue Linen Trousers,No,paid,7.72247E+11,NW6 3RY,6.00726E+11,,130,32 (UK/US),London,,United Kingdom,NW6 3RY,06/04/2019,London,,Linen Trousers,2019-04,1,108.33,0,0,108.33,21.67,130,0
Navy Blue Linen Trousers,No,paid,7.71204E+11,3165,2.96992E+11,,130,34 (UK/US),Bentleigh East,Victoria,Australia,3165,05/04/2019,Bentleigh East,Victoria,Linen Trousers,2019-04,1,130,0,0,130,0,130,0
Sand Linen Trousers,No,paid,7.68476E+11,TN4 9NQ,8.52761E+11,,130,32 (UK/US),London,,United Kingdom,EC3M 6BL,02/04/2019,Tunbridge Wells,,Linen Trousers,2019-04,1,108.33,0,0,108.33,21.67,130,0
Sand Linen Trousers,No,paid,7.68862E+11,EN35RH,1.03863E+12,,130,32 (UK/US),Enfield,,United Kingdom,EN35RH,02/04/2019,London,,Linen Trousers,2019-04,1,108.33,0,0,108.33,21.67,130,0
Navy Blue Linen Trousers,No,paid,7.68546E+11,SE-117 33,6.6033E+11,,130,32 (UK/US),Stockholm,,Sweden,SE-117 33,02/04/2019,Stockholm,,Linen Trousers,2019-04,1,130,-13.82,0,116.18,0,116.18,0
Sand Linen Trousers,No,paid,7.67899E+11,EX33 2AA,6379148172,,130,28 (UK/US),Braunton,,United Kingdom,EX33 2AA,01/04/2019,Braunton,,Linen Trousers,2019-04,1,108.33,0,0,108.33,21.67,130,0
